event_id,year,province_name,event_type,entity_id,old_prefecture_name,new_prefecture_name,approval_date,document_number,automatic_continuity,confidence,review_status,risk_flags,description,review_note,source_url,source_revision_id,source_locator,source_layer
WIKI-1987-001,1987,安徽省,upgrade,E341000,徽州地区,黄山市,1987-11-27,国函〔1987〕185号,true,high,accepted_rule_extraction,,"colspan=""3""|徽州地区 |342700 |rowspan=""11""|11月27日国务院批复同意<br>国函〔1987〕185号 |撤销徽州地区，设立黄山市（地级） |colspan=""2""|黄山市 |341000",,https://zh.wikipedia.org/wiki/1987%E5%B9%B4%E4%B8%AD%E5%8D%8E%E4%BA%BA%E6%B0%91%E5%85%B1%E5%92%8C%E5%9B%BD%E5%8E%BF%E7%BA%A7%E4%BB%A5%E4%B8%8A%E8%A1%8C%E6%94%BF%E5%8C%BA%E5%88%92%E5%8F%98%E6%9B%B4%E5%88%97%E8%A1%A8,71416601,row:2,wikipedia_semantic_normalization
WIKI-1987-002,1987,浙江省,upgrade,E330900,舟山地区,舟山市,1987-01-23,国函〔1987〕20号,true,high,accepted_rule_extraction,,"colspan=""3""|舟山地区 |332800 |rowspan=""5""|1月23日国务院批复同意<br>国函〔1987〕20号 |撤销舟山地区，设立舟山市（地级），实行市管县领导体制 |colspan=""2""|舟山市 |330900",,https://zh.wikipedia.org/wiki/1987%E5%B9%B4%E4%B8%AD%E5%8D%8E%E4%BA%BA%E6%B0%91%E5%85%B1%E5%92%8C%E5%9B%BD%E5%8E%BF%E7%BA%A7%E4%BB%A5%E4%B8%8A%E8%A1%8C%E6%94%BF%E5%8C%BA%E5%88%92%E5%8F%98%E6%9B%B4%E5%88%97%E8%A1%A8,71416601,row:20,wikipedia_semantic_normalization
WIKI-1987-003,1987,广东省,abolish,HIST-HN-LMZ,海南黎族苗族自治州,,1987-11-20,国函〔1987〕181号,false,medium,accepted_manual_review,,"rowspan=""10""|海南行政区管辖<br>||colspan=""2""|海南黎族苗族自治州||442200 |rowspan=""10""|11月20日国务院批复同意<br>国函〔1987〕181号 |撤销海南黎族苗族自治州，原自治州所辖市县继续享受少数民族地区各项优惠政策 |colspan=""3""",abolished historical autonomous prefecture; former counties moved to direct Hainan Administrative Region control,https://zh.wikipedia.org/wiki/1987%E5%B9%B4%E4%B8%AD%E5%8D%8E%E4%BA%BA%E6%B0%91%E5%85%B1%E5%92%8C%E5%9B%BD%E5%8E%BF%E7%BA%A7%E4%BB%A5%E4%B8%8A%E8%A1%8C%E6%94%BF%E5%8C%BA%E5%88%92%E5%8F%98%E6%9B%B4%E5%88%97%E8%A1%A8,71416601,row:26,wikipedia_semantic_normalization
WIKI-1987-004,1987,四川省,rename,E510400,渡口市,攀枝花市,1987-01-23,国函〔1987〕19号,true,high,accepted_rule_extraction,,"colspan=""2"" |渡口市||510400||国务院1月23日批复同意<br>国函〔1987〕19号||将渡口市更名为攀枝花市||colspan=""2"" |攀枝花市",,https://zh.wikipedia.org/wiki/1987%E5%B9%B4%E4%B8%AD%E5%8D%8E%E4%BA%BA%E6%B0%91%E5%85%B1%E5%92%8C%E5%9B%BD%E5%8E%BF%E7%BA%A7%E4%BB%A5%E4%B8%8A%E8%A1%8C%E6%94%BF%E5%8C%BA%E5%88%92%E5%8F%98%E6%9B%B4%E5%88%97%E8%A1%A8,71416601,row:37,wikipedia_semantic_normalization
WIKI-1987-005,1987,四川省,rename,E513200,阿坝藏族自治州,阿坝藏族羌族自治州,1987-07-24,国函〔1987〕125号,true,high,accepted_rule_extraction,,"colspan=""2"" |阿坝藏族自治州||513200||rowspan=""2""|国务院7月24日批复同意<br>国函〔1987〕125号||将阿坝藏族自治州更名为阿坝藏族羌族自治州||colspan=""2"" |阿坝藏族羌族自治州",,https://zh.wikipedia.org/wiki/1987%E5%B9%B4%E4%B8%AD%E5%8D%8E%E4%BA%BA%E6%B0%91%E5%85%B1%E5%92%8C%E5%9B%BD%E5%8E%BF%E7%BA%A7%E4%BB%A5%E4%B8%8A%E8%A1%8C%E6%94%BF%E5%8C%BA%E5%88%92%E5%8F%98%E6%9B%B4%E5%88%97%E8%A1%A8,71416601,row:38,wikipedia_semantic_normalization
WIKI-1988-006,1988,河北省,upgrade,E131000,廊坊地区,廊坊市,1988-09-13,国函〔1988〕114号,true,high,accepted_rule_extraction,,"colspan=""2""|廊坊地区 |132800 |rowspan=""10""|9月13日国务院批复同意<br>国函〔1988〕114号 |撤销廊坊地区，设立廊坊市（地级），实行市县领导体制 |colspan=""2""|廊坊市 |131000",,https://zh.wikipedia.org/wiki/1988%E5%B9%B4%E4%B8%AD%E5%8D%8E%E4%BA%BA%E6%B0%91%E5%85%B1%E5%92%8C%E5%9B%BD%E5%8E%BF%E7%BA%A7%E4%BB%A5%E4%B8%8A%E8%A1%8C%E6%94%BF%E5%8C%BA%E5%88%92%E5%8F%98%E6%9B%B4%E5%88%97%E8%A1%A8,93182311,row:2,wikipedia_semantic_normalization
WIKI-1988-007,1988,山西省,establish,E140600,,朔州市,1988-03-24,国函〔1988〕50号,false,medium,accepted_manual_review,,"colspan=""3""| ||rowspan=""3""|3月24日国务院批复同意<br>国函〔1988〕50号||rowspan=""3""|撤销朔县、平鲁县，设立朔州市（地级）和朔州市朔城区、平鲁区<br>以原朔县的行政区域为朔城区的行政区域，以原平鲁县的行政区域为平鲁区的行政区域||colspan=""2""|朔州市||140600",朔州市 was explicitly established as a prefecture-level city,https://zh.wikipedia.org/wiki/1988%E5%B9%B4%E4%B8%AD%E5%8D%8E%E4%BA%BA%E6%B0%91%E5%85%B1%E5%92%8C%E5%9B%BD%E5%8E%BF%E7%BA%A7%E4%BB%A5%E4%B8%8A%E8%A1%8C%E6%94%BF%E5%8C%BA%E5%88%92%E5%8F%98%E6%9B%B4%E5%88%97%E8%A1%A8,93182311,row:13,wikipedia_semantic_normalization
WIKI-1988-008,1988,湖南省,upgrade,E430700,常德地区,常德市,1988-01-23,国函〔1988〕23号,true,high,accepted_rule_extraction,,"colspan=""2""|常德地区 |432400 |rowspan=""11""|1月23日国务院批复同意<br>国函〔1988〕23号 |rowspan=""3""|撤销常德地区、常德县，实行市县领导体制，常德市升格为地级市<br>设立常德市武陵区，以原常德市全部和常德县部分乡镇行政区域为武陵区行政区域；设立常德市鼎城区，以原常德县剩余乡镇行政区域为鼎城区行政区域 |colspan=""2""|常德市 |430700",,https://zh.wikipedia.org/wiki/1988%E5%B9%B4%E4%B8%AD%E5%8D%8E%E4%BA%BA%E6%B0%91%E5%85%B1%E5%92%8C%E5%9B%BD%E5%8E%BF%E7%BA%A7%E4%BB%A5%E4%B8%8A%E8%A1%8C%E6%94%BF%E5%8C%BA%E5%88%92%E5%8F%98%E6%9B%B4%E5%88%97%E8%A1%A8,93182311,row:17,wikipedia_semantic_normalization
WIKI-1988-009,1988,广东省,upgrade,E441200,肇庆地区,肇庆市,1988-01-07,国函〔1988〕6号,true,high,accepted_rule_extraction,,"colspan=""2""|肇庆地区 |442800 |rowspan=""49""|1月7日国务院批复同意<br>国函〔1988〕6号 |rowspan=""3""|撤销肇庆地区，将肇庆市升为地级市；设立肇庆市端州区、鼎湖区 |colspan=""2""|肇庆市 |441200",,https://zh.wikipedia.org/wiki/1988%E5%B9%B4%E4%B8%AD%E5%8D%8E%E4%BA%BA%E6%B0%91%E5%85%B1%E5%92%8C%E5%9B%BD%E5%8E%BF%E7%BA%A7%E4%BB%A5%E4%B8%8A%E8%A1%8C%E6%94%BF%E5%8C%BA%E5%88%92%E5%8F%98%E6%9B%B4%E5%88%97%E8%A1%A8,93182311,row:32,wikipedia_semantic_normalization
WIKI-1988-010,1988,广东省,upgrade,E441300,惠阳地区,惠州市,,,true,high,accepted_rule_extraction,,"colspan=""2""|惠阳地区 |442500 |rowspan=""2""|撤销惠阳地区，将惠州市升为地级市；设立惠州市惠城区 |colspan=""2""|惠州市 |441300",,https://zh.wikipedia.org/wiki/1988%E5%B9%B4%E4%B8%AD%E5%8D%8E%E4%BA%BA%E6%B0%91%E5%85%B1%E5%92%8C%E5%9B%BD%E5%8E%BF%E7%BA%A7%E4%BB%A5%E4%B8%8A%E8%A1%8C%E6%94%BF%E5%8C%BA%E5%88%92%E5%8F%98%E6%9B%B4%E5%88%97%E8%A1%A8,93182311,row:45,wikipedia_semantic_normalization
WIKI-1988-011,1988,广东省,establish,E441500,,汕尾市,,,false,medium,accepted_manual_review,,"rowspan=""3""|海丰县||rowspan=""3""|442531||rowspan=""2""|设立汕尾市（地级）和汕尾市城区，以海丰县部分镇为汕尾市城区的行政区域||colspan=""2""|汕尾市||441500",汕尾市 was explicitly established as a prefecture-level city,https://zh.wikipedia.org/wiki/1988%E5%B9%B4%E4%B8%AD%E5%8D%8E%E4%BA%BA%E6%B0%91%E5%85%B1%E5%92%8C%E5%9B%BD%E5%8E%BF%E7%BA%A7%E4%BB%A5%E4%B8%8A%E8%A1%8C%E6%94%BF%E5%8C%BA%E5%88%92%E5%8F%98%E6%9B%B4%E5%88%97%E8%A1%A8,93182311,row:50,wikipedia_semantic_normalization
WIKI-1988-012,1988,广东省,establish,E441600,,河源市,,,false,medium,accepted_manual_review,,"rowspan=""3""|河源县||rowspan=""3""|442525||rowspan=""3""|撤销河源县，设立河源市（地级）和河源市源城区、郊区||colspan=""2""|河源市||441600",河源市 was explicitly established as a prefecture-level city,https://zh.wikipedia.org/wiki/1988%E5%B9%B4%E4%B8%AD%E5%8D%8E%E4%BA%BA%E6%B0%91%E5%85%B1%E5%92%8C%E5%9B%BD%E5%8E%BF%E7%BA%A7%E4%BB%A5%E4%B8%8A%E8%A1%8C%E6%94%BF%E5%8C%BA%E5%88%92%E5%8F%98%E6%9B%B4%E5%88%97%E8%A1%A8,93182311,row:56,wikipedia_semantic_normalization
WIKI-1988-013,1988,广东省,upgrade,E441400,梅县地区,梅州市,,,true,high,accepted_rule_extraction,,"colspan=""2""|梅县地区 |442400 |rowspan=""3""|撤销梅县地区，设立梅州市（地级）<br>撤销梅县市，分设梅县、梅州市梅江区<br>梅县由梅州市管辖 |colspan=""2""|梅州市 |441400",,https://zh.wikipedia.org/wiki/1988%E5%B9%B4%E4%B8%AD%E5%8D%8E%E4%BA%BA%E6%B0%91%E5%85%B1%E5%92%8C%E5%9B%BD%E5%8E%BF%E7%BA%A7%E4%BB%A5%E4%B8%8A%E8%A1%8C%E6%94%BF%E5%8C%BA%E5%88%92%E5%8F%98%E6%9B%B4%E5%88%97%E8%A1%A8,93182311,row:64,wikipedia_semantic_normalization
WIKI-1988-014,1988,广东省,establish,E441700,,阳江市,,,false,medium,accepted_manual_review,,"rowspan=""4""|江门市管辖||rowspan=""4""|阳江县||rowspan=""4""|440726||rowspan=""4""|撤销阳江县，设立阳江市（地级）、阳西县和阳江市江城区、阳东区<br>阳西县由阳江市管辖||colspan=""2""|阳江市||441700",阳江市 was explicitly established as a prefecture-level city,https://zh.wikipedia.org/wiki/1988%E5%B9%B4%E4%B8%AD%E5%8D%8E%E4%BA%BA%E6%B0%91%E5%85%B1%E5%92%8C%E5%9B%BD%E5%8E%BF%E7%BA%A7%E4%BB%A5%E4%B8%8A%E8%A1%8C%E6%94%BF%E5%8C%BA%E5%88%92%E5%8F%98%E6%9B%B4%E5%88%97%E8%A1%A8,93182311,row:73,wikipedia_semantic_normalization
WIKI-1988-015,1988,广东省,establish,E441800,,清远市,,,false,medium,accepted_manual_review,,"rowspan=""3""|广州市管辖||rowspan=""3""|清远县||rowspan=""3""|440127||rowspan=""3""|撤销清远县，设立清远市（地级）和清远市清城区、清郊区||colspan=""2""|清远市||441800",清远市 was explicitly established as a prefecture-level city,https://zh.wikipedia.org/wiki/1988%E5%B9%B4%E4%B8%AD%E5%8D%8E%E4%BA%BA%E6%B0%91%E5%85%B1%E5%92%8C%E5%9B%BD%E5%8E%BF%E7%BA%A7%E4%BB%A5%E4%B8%8A%E8%A1%8C%E6%94%BF%E5%8C%BA%E5%88%92%E5%8F%98%E6%9B%B4%E5%88%97%E8%A1%A8,93182311,row:77,wikipedia_semantic_normalization
WIKI-1988-016,1988,安徽省,merge,E340800,安庆地区,安庆市,1988-08-17,国函〔1988〕105号,false,medium,accepted_manual_review,,"colspan=""2""|安庆地区||342800 |rowspan=""13""|8月17日国务院批复同意<br>国函〔1988〕105号 |撤销安庆地区与原安庆市，实行地市合并，设立新的安庆市 |colspan=""3""",安庆地区 and the existing city were merged into the unified 安庆市,https://zh.wikipedia.org/wiki/1988%E5%B9%B4%E4%B8%AD%E5%8D%8E%E4%BA%BA%E6%B0%91%E5%85%B1%E5%92%8C%E5%9B%BD%E5%8E%BF%E7%BA%A7%E4%BB%A5%E4%B8%8A%E8%A1%8C%E6%94%BF%E5%8C%BA%E5%88%92%E5%8F%98%E6%9B%B4%E5%88%97%E8%A1%A8,93182311,row:82,wikipedia_semantic_normalization
WIKI-1988-017,1988,安徽省,establish_prefecture,E341700,,池州地区,,,false,medium,accepted_manual_review,,"colspan=""2""| ||设立池州地区||colspan=""2""|池州地区||342900",池州地区 later continued as the Chizhou research entity,https://zh.wikipedia.org/wiki/1988%E5%B9%B4%E4%B8%AD%E5%8D%8E%E4%BA%BA%E6%B0%91%E5%85%B1%E5%92%8C%E5%9B%BD%E5%8E%BF%E7%BA%A7%E4%BB%A5%E4%B8%8A%E8%A1%8C%E6%94%BF%E5%8C%BA%E5%88%92%E5%8F%98%E6%9B%B4%E5%88%97%E8%A1%A8,93182311,row:91,wikipedia_semantic_normalization
WIKI-1988-018,1988,福建省,rename,E350700,建阳地区,南平地区,1988-10-24,国函〔1988〕128号,true,high,accepted_manual_review,,建阳地区||352100||国务院10月24日批复同意<br>国函〔1988〕128号||将建阳地区驻地由建阳县迁至南平市<br>建阳地区更名为南平地区||南平地区,建阳地区 renamed 南平地区 and later became 南平市,https://zh.wikipedia.org/wiki/1988%E5%B9%B4%E4%B8%AD%E5%8D%8E%E4%BA%BA%E6%B0%91%E5%85%B1%E5%92%8C%E5%9B%BD%E5%8E%BF%E7%BA%A7%E4%BB%A5%E4%B8%8A%E8%A1%8C%E6%94%BF%E5%8C%BA%E5%88%92%E5%8F%98%E6%9B%B4%E5%88%97%E8%A1%A8,93182311,row:102,wikipedia_semantic_normalization
WIKI-1992-019,1992,安徽省,upgrade,E341100,滁县地区,滁州市,1992-12-20,国函〔1992〕201号,true,high,accepted_rule_extraction,,"colspan=""2""|滁县地区 |342300 |rowspan=""3""|撤销滁县地区和滁州市（县级）<br>设立滁州市（地级）和滁州市琅琊区、南谯区 |colspan=""2""|滁州市 |341100 |rowspan=""9""|国务院12月20日批复同意<br>国函〔1992〕201号",,https://zh.wikipedia.org/wiki/1992%E5%B9%B4%E4%B8%AD%E5%8D%8E%E4%BA%BA%E6%B0%91%E5%85%B1%E5%92%8C%E5%9B%BD%E5%8E%BF%E7%BA%A7%E4%BB%A5%E4%B8%8A%E8%A1%8C%E6%94%BF%E5%8C%BA%E5%88%92%E5%8F%98%E6%9B%B4%E5%88%97%E8%A1%A8,88403920,row:2,wikipedia_semantic_normalization
WIKI-1992-020,1992,四川省,upgrade,HIST-CQ-WANXIAN,万县地区,万县市,1992-12-11,国函〔1992〕194号,true,high,accepted_manual_review,,"colspan=""2"" id=""5122""|万县地区 |512200 |rowspan=""5""|撤销万县地区及万县市、万县，设立万县市（地级）<br>新设万县市设三个市辖区：龙宝区、天城区和五桥区 |colspan=""2""|万县市 |511200 |rowspan=""13""|国务院12月11日批复同意<br>国函〔1992〕194号",Wanxian Prefecture continued as the historical prefecture-level Wanxian City until 1997,https://zh.wikipedia.org/wiki/1992%E5%B9%B4%E4%B8%AD%E5%8D%8E%E4%BA%BA%E6%B0%91%E5%85%B1%E5%92%8C%E5%9B%BD%E5%8E%BF%E7%BA%A7%E4%BB%A5%E4%B8%8A%E8%A1%8C%E6%94%BF%E5%8C%BA%E5%88%92%E5%8F%98%E6%9B%B4%E5%88%97%E8%A1%A8,88403920,row:12,wikipedia_semantic_normalization
WIKI-1992-021,1992,湖北省,abolish,E420500,宜昌地区,,1992-07-06,国函〔1992〕72号,false,medium,accepted_manual_review,,"colspan=""2""|宜昌地区||422700||撤销宜昌地区||colspan=""3""| ||rowspan=""10""|国务院7月6日批复同意<br>国函〔1992〕72号",宜昌地区 merged into the existing 宜昌市,https://zh.wikipedia.org/wiki/1992%E5%B9%B4%E4%B8%AD%E5%8D%8E%E4%BA%BA%E6%B0%91%E5%85%B1%E5%92%8C%E5%9B%BD%E5%8E%BF%E7%BA%A7%E4%BB%A5%E4%B8%8A%E8%A1%8C%E6%94%BF%E5%8C%BA%E5%88%92%E5%8F%98%E6%9B%B4%E5%88%97%E8%A1%A8,88403920,row:26,wikipedia_semantic_normalization
WIKI-1992-022,1992,吉林省,establish,E220700,,松原市,1992-06-06,国函〔1992〕60号,false,medium,accepted_manual_review,,"rowspan=""5""|白城地区管辖 |rowspan=""2""|扶余市||rowspan=""2""|222303 |rowspan=""2""|撤销扶余市，设立松原市（地级）<br>设立松原市扶余区 |colspan=""2""|松原市||220700 |rowspan=""5""|国务院6月6日批复同意<br>国函〔1992〕60号",松原市 was explicitly established as a prefecture-level city,https://zh.wikipedia.org/wiki/1992%E5%B9%B4%E4%B8%AD%E5%8D%8E%E4%BA%BA%E6%B0%91%E5%85%B1%E5%92%8C%E5%9B%BD%E5%8E%BF%E7%BA%A7%E4%BB%A5%E4%B8%8A%E8%A1%8C%E6%94%BF%E5%8C%BA%E5%88%92%E5%8F%98%E6%9B%B4%E5%88%97%E8%A1%A8,88403920,row:37,wikipedia_semantic_normalization
WIKI-1992-023,1992,山东省,rename,E371600,惠民地区,滨州地区,1992-02-12,国函〔1992〕15号,true,high,accepted_manual_review,,"colspan=""2""|惠民地区||372300 |惠民地区更名为滨州地区 |colspan=""2""|滨州地区 |国务院批准<br>民政部2月12日批复同意<br>国函〔1992〕15号",惠民地区 renamed 滨州地区 and later became 滨州市,https://zh.wikipedia.org/wiki/1992%E5%B9%B4%E4%B8%AD%E5%8D%8E%E4%BA%BA%E6%B0%91%E5%85%B1%E5%92%8C%E5%9B%BD%E5%8E%BF%E7%BA%A7%E4%BB%A5%E4%B8%8A%E8%A1%8C%E6%94%BF%E5%8C%BA%E5%88%92%E5%8F%98%E6%9B%B4%E5%88%97%E8%A1%A8,88403920,row:47,wikipedia_semantic_normalization
WIKI-1993-024,1993,吉林省,upgrade,E220800,白城地区,白城市,1993-06-14,国函〔1993〕87号,true,high,accepted_rule_extraction,,"colspan=""2"" |白城地区 |222300 |rowspan=""2""|撤销白城地区，设立白城市（地级）<br>撤销白城市（县级），设立白城市洮北区（县级） |colspan=""2""|白城市||220800 |rowspan=""6""|国务院6月14日批复同意<br>国函〔1993〕87号",,https://zh.wikipedia.org/wiki/1993%E5%B9%B4%E4%B8%AD%E5%8D%8E%E4%BA%BA%E6%B0%91%E5%85%B1%E5%92%8C%E5%9B%BD%E5%8E%BF%E7%BA%A7%E4%BB%A5%E4%B8%8A%E8%A1%8C%E6%94%BF%E5%8C%BA%E5%88%92%E5%8F%98%E6%9B%B4%E5%88%97%E8%A1%A8,91124767,row:2,wikipedia_semantic_normalization
WIKI-1993-025,1993,黑龙江省,upgrade,E231100,黑河地区,黑河市,1993-02-08,国函〔1994〕12号,true,high,accepted_rule_extraction,document_year_differs_from_page_year,"colspan=""2"" |黑河地区 |232600 |rowspan=""2""|撤销黑河地区，设立黑河市（地级）<br>撤销黑河市（县级），设立黑河市爱辉区（县级） |colspan=""2""|黑河市||231100 |rowspan=""8""|国务院2月8日批复同意<br>国函〔1994〕12号",,https://zh.wikipedia.org/wiki/1993%E5%B9%B4%E4%B8%AD%E5%8D%8E%E4%BA%BA%E6%B0%91%E5%85%B1%E5%92%8C%E5%9B%BD%E5%8E%BF%E7%BA%A7%E4%BB%A5%E4%B8%8A%E8%A1%8C%E6%94%BF%E5%8C%BA%E5%88%92%E5%8F%98%E6%9B%B4%E5%88%97%E8%A1%A8,91124767,row:9,wikipedia_semantic_normalization
WIKI-1993-026,1993,湖北省,establish,E420900,,孝感市,1993-02-08,国函〔1993〕46号,false,medium,accepted_manual_review,,"colspan=""2"" |孝感地区 |232600 |rowspan=""3""|孝感地区和县级孝感市，设立孝感市（地级）<br>孝感市设立孝南区和孝昌县 |colspan=""2""|孝感市||231100 |rowspan=""9""|国务院2月8日批复同意<br>国函〔1993〕46号",孝感市 was explicitly established as a prefecture-level city,https://zh.wikipedia.org/wiki/1993%E5%B9%B4%E4%B8%AD%E5%8D%8E%E4%BA%BA%E6%B0%91%E5%85%B1%E5%92%8C%E5%9B%BD%E5%8E%BF%E7%BA%A7%E4%BB%A5%E4%B8%8A%E8%A1%8C%E6%94%BF%E5%8C%BA%E5%88%92%E5%8F%98%E6%9B%B4%E5%88%97%E8%A1%A8,91124767,row:18,wikipedia_semantic_normalization
WIKI-1993-027,1993,四川省,upgrade,E511300,南充地区,南充市,1993-07-02,国函〔1993〕96号,true,high,accepted_rule_extraction,,"colspan=""2"" |南充地区 |512900 |rowspan=""4""|撤销南充地区、南充市和南充县，设立南充市（地级）<br>南充市设立顺庆区、高坪区和嘉陵区 |colspan=""2""|南充市||231100 |rowspan=""16""|国务院7月2日批复同意<br>国函〔1993〕96号",,https://zh.wikipedia.org/wiki/1993%E5%B9%B4%E4%B8%AD%E5%8D%8E%E4%BA%BA%E6%B0%91%E5%85%B1%E5%92%8C%E5%9B%BD%E5%8E%BF%E7%BA%A7%E4%BB%A5%E4%B8%8A%E8%A1%8C%E6%94%BF%E5%8C%BA%E5%88%92%E5%8F%98%E6%9B%B4%E5%88%97%E8%A1%A8,91124767,row:28,wikipedia_semantic_normalization
WIKI-1993-028,1993,河北省,merge,E130100,石家庄地区,,1993-06-19,国函〔1993〕89号,false,medium,accepted_manual_review,,"colspan=""2""|石家庄地区||132300||撤销石家庄地区，实行地、市合并||colspan=""3""| ||rowspan=""79""|国务院6月19日批复同意<br>国函〔1993〕89号",石家庄地区 merged into 石家庄市,https://zh.wikipedia.org/wiki/1993%E5%B9%B4%E4%B8%AD%E5%8D%8E%E4%BA%BA%E6%B0%91%E5%85%B1%E5%92%8C%E5%9B%BD%E5%8E%BF%E7%BA%A7%E4%BB%A5%E4%B8%8A%E8%A1%8C%E6%94%BF%E5%8C%BA%E5%88%92%E5%8F%98%E6%9B%B4%E5%88%97%E8%A1%A8,91124767,row:44,wikipedia_semantic_normalization
WIKI-1993-029,1993,山西省,abolish,HIST-SX-YANBEI,雁北地区,,1993-06-14,国函〔1993〕93号,false,medium,accepted_manual_review,multi_entity_relation,"colspan=""2""|雁北地区||142100||撤销雁北地区||colspan=""3""| ||rowspan=""11""|国务院6月14日批复同意<br>国函〔1993〕93号",Yanbei was abolished and split between Datong and Shuozhou,https://zh.wikipedia.org/wiki/1993%E5%B9%B4%E4%B8%AD%E5%8D%8E%E4%BA%BA%E6%B0%91%E5%85%B1%E5%92%8C%E5%9B%BD%E5%8E%BF%E7%BA%A7%E4%BB%A5%E4%B8%8A%E8%A1%8C%E6%94%BF%E5%8C%BA%E5%88%92%E5%8F%98%E6%9B%B4%E5%88%97%E8%A1%A8,91124767,row:124,wikipedia_semantic_normalization
WIKI-1993-030,1993,广西壮族自治区,establish,E450600,,防城港市,1993-05-23,国函〔1993〕68号,false,medium,accepted_manual_review,,"rowspan=""4""|钦州地区管辖||rowspan=""3""|防城各族自治县|| rowspan=""3"" |452822 ||rowspan=""4""|撤销防城各族自治县和防城港区，设立防城港市（地级）<br>防城港市辖港口、防城两个区和上思县||colspan=""2""|防城港市||450600 |rowspan=""5""|国务院5月23日批复同意<br>国函〔1993〕68号",防城港市 was explicitly established as a prefecture-level city,https://zh.wikipedia.org/wiki/1993%E5%B9%B4%E4%B8%AD%E5%8D%8E%E4%BA%BA%E6%B0%91%E5%85%B1%E5%92%8C%E5%9B%BD%E5%8E%BF%E7%BA%A7%E4%BB%A5%E4%B8%8A%E8%A1%8C%E6%94%BF%E5%8C%BA%E5%88%92%E5%8F%98%E6%9B%B4%E5%88%97%E8%A1%A8,91124767,row:135,wikipedia_semantic_normalization
WIKI-1993-031,1993,湖北省,rename,E422800,鄂西土家族苗族自治州,恩施土家族苗族自治州,1993-04-04,国函〔1993〕36号,true,high,accepted_rule_extraction,,"colspan=""2""|鄂西土家族苗族自治州||422800 |鄂西土家族苗族自治州更名为恩施土家族苗族自治州 |colspan=""2""|恩施土家族苗族自治州 | 国务院4月4日批复同意<br>国函〔1993〕36号",,https://zh.wikipedia.org/wiki/1993%E5%B9%B4%E4%B8%AD%E5%8D%8E%E4%BA%BA%E6%B0%91%E5%85%B1%E5%92%8C%E5%9B%BD%E5%8E%BF%E7%BA%A7%E4%BB%A5%E4%B8%8A%E8%A1%8C%E6%94%BF%E5%8C%BA%E5%88%92%E5%8F%98%E6%9B%B4%E5%88%97%E8%A1%A8,91124767,row:145,wikipedia_semantic_normalization
WIKI-1994-032,1994,浙江省,upgrade,E331000,台州地区,台州市,1994-08-20,国函〔1994〕86号,true,high,accepted_rule_extraction,,"colspan=""2"" id=""86""|台州地区 |332700 |rowspan=""4""|撤销台州地区和县级黄岩市、椒江市，设立台州市（地级）<br>台州市新设椒江区、黄岩区和路桥区 |colspan=""2""|台州市||331000 |rowspan=""10""|国务院8月20日批复同意<br>国函〔1994〕86号",,https://zh.wikipedia.org/wiki/1994%E5%B9%B4%E4%B8%AD%E5%8D%8E%E4%BA%BA%E6%B0%91%E5%85%B1%E5%92%8C%E5%9B%BD%E5%8E%BF%E7%BA%A7%E4%BB%A5%E4%B8%8A%E8%A1%8C%E6%94%BF%E5%8C%BA%E5%88%92%E5%8F%98%E6%9B%B4%E5%88%97%E8%A1%A8,93187675,row:2,wikipedia_semantic_normalization
WIKI-1994-033,1994,福建省,upgrade,E350700,南平地区,南平市,1994-09-05,国函〔1994〕94号,true,high,accepted_rule_extraction,,"colspan=""2"" id=""94""| 南平地区 |332700 |rowspan=""2""|撤销南平地区和县级南平市，设立地级南平市<br>南平市新设延平区 |colspan=""2""|南平市||331000 |rowspan=""11""|国务院9月5日批复同意<br>国函〔1994〕94号",,https://zh.wikipedia.org/wiki/1994%E5%B9%B4%E4%B8%AD%E5%8D%8E%E4%BA%BA%E6%B0%91%E5%85%B1%E5%92%8C%E5%9B%BD%E5%8E%BF%E7%BA%A7%E4%BB%A5%E4%B8%8A%E8%A1%8C%E6%94%BF%E5%8C%BA%E5%88%92%E5%8F%98%E6%9B%B4%E5%88%97%E8%A1%A8,93187675,row:13,wikipedia_semantic_normalization
WIKI-1994-034,1994,山东省,upgrade,E371300,临沂地区,临沂市,1994-12-17,国函〔1994〕131号,true,high,accepted_rule_extraction,,"colspan=""2"" |临沂地区 |372800 |rowspan=""4""|撤销临沂地区和县级临沂市，设立地级临沂市<br>临沂市设立兰山区、罗庄区和河东区 |colspan=""2""|临沂市||371300 |rowspan=""13""|国务院12月17日批复同意<br>国函〔1994〕131号",,https://zh.wikipedia.org/wiki/1994%E5%B9%B4%E4%B8%AD%E5%8D%8E%E4%BA%BA%E6%B0%91%E5%85%B1%E5%92%8C%E5%9B%BD%E5%8E%BF%E7%BA%A7%E4%BB%A5%E4%B8%8A%E8%A1%8C%E6%94%BF%E5%8C%BA%E5%88%92%E5%8F%98%E6%9B%B4%E5%88%97%E8%A1%A8,93187675,row:25,wikipedia_semantic_normalization
WIKI-1994-035,1994,山东省,upgrade,E371400,德州地区,德州市,1994-12-17,国函〔1994〕132号,true,high,accepted_rule_extraction,,"colspan=""2"" |德州地区 |372400 |rowspan=""2""|撤销德州地区和县级德州市，设立地级德州市<br>德州市设立德城区 |colspan=""2""|德州市||371400 |rowspan=""12""|国务院12月17日批复同意<br>国函〔1994〕132号",,https://zh.wikipedia.org/wiki/1994%E5%B9%B4%E4%B8%AD%E5%8D%8E%E4%BA%BA%E6%B0%91%E5%85%B1%E5%92%8C%E5%9B%BD%E5%8E%BF%E7%BA%A7%E4%BB%A5%E4%B8%8A%E8%A1%8C%E6%94%BF%E5%8C%BA%E5%88%92%E5%8F%98%E6%9B%B4%E5%88%97%E8%A1%A8,93187675,row:38,wikipedia_semantic_normalization
WIKI-1994-036,1994,河南省,upgrade,E411300,南阳地区,南阳市,1994-07-01,国函〔1994〕67号,true,high,accepted_rule_extraction,,"colspan=""2"" |南阳地区 |412900 |rowspan=""3""|撤销南阳地区和县级南阳市、南阳县，设立地级南阳市<br>南阳市新设宛城区和卧龙区 |colspan=""2""|南阳市||411300 |rowspan=""14""|国务院7月1日批复同意<br>国函〔1994〕67号",,https://zh.wikipedia.org/wiki/1994%E5%B9%B4%E4%B8%AD%E5%8D%8E%E4%BA%BA%E6%B0%91%E5%85%B1%E5%92%8C%E5%9B%BD%E5%8E%BF%E7%BA%A7%E4%BB%A5%E4%B8%8A%E8%A1%8C%E6%94%BF%E5%8C%BA%E5%88%92%E5%8F%98%E6%9B%B4%E5%88%97%E8%A1%A8,93187675,row:51,wikipedia_semantic_normalization
WIKI-1994-037,1994,湖南省,upgrade,E430900,益阳地区,益阳市,1994-03-07,国函〔1994〕17号,true,high,accepted_rule_extraction,,"colspan=""2""|益阳地区 |422100 |rowspan=""3""|撤销益阳地区、益阳市和益阳县，设立益阳市（地级）<br>益阳市新设资阳区和赫山区 |colspan=""2""|益阳市||421100 |rowspan=""7""|国务院3月7日批复同意<br>国函〔1994〕17号",,https://zh.wikipedia.org/wiki/1994%E5%B9%B4%E4%B8%AD%E5%8D%8E%E4%BA%BA%E6%B0%91%E5%85%B1%E5%92%8C%E5%9B%BD%E5%8E%BF%E7%BA%A7%E4%BB%A5%E4%B8%8A%E8%A1%8C%E6%94%BF%E5%8C%BA%E5%88%92%E5%8F%98%E6%9B%B4%E5%88%97%E8%A1%A8,93187675,row:66,wikipedia_semantic_normalization
WIKI-1994-038,1994,湖南省,establish,E431000,,郴州市,1994-12-17,国函〔1994〕136号,false,medium,accepted_manual_review,,"colspan=""2"" |郴州地区 |412900 |rowspan=""3""|郴州地区、县级郴州市和郴县，设立郴州市（地级）<br>郴州市新设北湖区和苏仙区 |colspan=""2""|郴州市||411300 |rowspan=""12""|国务院12月17日批复同意<br>国函〔1994〕136号",郴州市 was explicitly established as a prefecture-level city,https://zh.wikipedia.org/wiki/1994%E5%B9%B4%E4%B8%AD%E5%8D%8E%E4%BA%BA%E6%B0%91%E5%85%B1%E5%92%8C%E5%9B%BD%E5%8E%BF%E7%BA%A7%E4%BB%A5%E4%B8%8A%E8%A1%8C%E6%94%BF%E5%8C%BA%E5%88%92%E5%8F%98%E6%9B%B4%E5%88%97%E8%A1%A8,93187675,row:73,wikipedia_semantic_normalization
WIKI-1994-039,1994,广西壮族自治区,upgrade,E450700,钦州地区,钦州市,1994-06-28,国函〔1994〕62号,true,high,accepted_rule_extraction,,"colspan=""2""|钦州地区 |452800 |rowspan=""3""|撤销钦州地区和县级钦州市，设立地级钦州市<br>钦州市新设钦南区和钦北区 |colspan=""2""|钦州市||450700 |rowspan=""5""|国务院6月28日批复同意<br>国函〔1994〕62号",,https://zh.wikipedia.org/wiki/1994%E5%B9%B4%E4%B8%AD%E5%8D%8E%E4%BA%BA%E6%B0%91%E5%85%B1%E5%92%8C%E5%9B%BD%E5%8E%BF%E7%BA%A7%E4%BB%A5%E4%B8%8A%E8%A1%8C%E6%94%BF%E5%8C%BA%E5%88%92%E5%8F%98%E6%9B%B4%E5%88%97%E8%A1%A8,93187675,row:86,wikipedia_semantic_normalization
WIKI-1994-040,1994,陕西省,upgrade,E610500,渭南地区,渭南市,1994-12-17,国函〔1994〕135号,true,high,accepted_rule_extraction,,"colspan=""2"" |渭南地区 |612100 |rowspan=""2""|撤销渭南地区和县级渭南市，设立地级渭南市<br>渭南市新设临渭区 |colspan=""2""|渭南市||610500 |rowspan=""12""|国务院12月17日批复同意<br>国函〔1994〕135号",,https://zh.wikipedia.org/wiki/1994%E5%B9%B4%E4%B8%AD%E5%8D%8E%E4%BA%BA%E6%B0%91%E5%85%B1%E5%92%8C%E5%9B%BD%E5%8E%BF%E7%BA%A7%E4%BB%A5%E4%B8%8A%E8%A1%8C%E6%94%BF%E5%8C%BA%E5%88%92%E5%8F%98%E6%9B%B4%E5%88%97%E8%A1%A8,93187675,row:92,wikipedia_semantic_normalization
WIKI-1994-041,1994,湖北省,merge,E420300,郧阳地区,,1994-09-29,国函〔1994〕98号,false,medium,accepted_manual_review,,"colspan=""2""|郧阳地区||422600 |撤销郧阳地区，与十堰市实行地、市合并 |colspan=""3""| |rowspan=""7""|国务院9月29日批复同意<br>国函〔1994〕98号",郧阳地区 merged into 十堰市,https://zh.wikipedia.org/wiki/1994%E5%B9%B4%E4%B8%AD%E5%8D%8E%E4%BA%BA%E6%B0%91%E5%85%B1%E5%92%8C%E5%9B%BD%E5%8E%BF%E7%BA%A7%E4%BB%A5%E4%B8%8A%E8%A1%8C%E6%94%BF%E5%8C%BA%E5%88%92%E5%8F%98%E6%9B%B4%E5%88%97%E8%A1%A8,93187675,row:126,wikipedia_semantic_normalization
WIKI-1994-042,1994,湖北省,upgrade,E421000,荆州地区,荆沙市,1994-09-29,国函〔1994〕99号,true,high,accepted_manual_review,,"colspan=""2"" rowspan=""2""|沙市市||rowspan=""2""|420400 |rowspan=""5""|撤销荆州地区、沙市市和江陵县，设立荆沙市（地级）<br>荆沙市新设沙市区、荆州区和江陵区 |colspan=""2""|荆沙市||421000 |rowspan=""15""|国务院9月29日批复同意<br>国函〔1994〕99号",荆州地区 became 荆沙市 and later 荆州市,https://zh.wikipedia.org/wiki/1994%E5%B9%B4%E4%B8%AD%E5%8D%8E%E4%BA%BA%E6%B0%91%E5%85%B1%E5%92%8C%E5%9B%BD%E5%8E%BF%E7%BA%A7%E4%BB%A5%E4%B8%8A%E8%A1%8C%E6%94%BF%E5%8C%BA%E5%88%92%E5%8F%98%E6%9B%B4%E5%88%97%E8%A1%A8,93187675,row:133,wikipedia_semantic_normalization
WIKI-1994-043,1994,辽宁省,rename,E211400,锦西市,葫芦岛市,1994-09-20,国函〔1994〕97号,true,high,accepted_rule_extraction,,"colspan=""2""|锦西市||211400 |rowspan=""2""|锦西市更名为葫芦岛市<br>葫芦岛区更名为龙港区 |colspan=""2""|葫芦岛市 |rowspan=""2""|国务院9月20日批复同意<br>国函〔1994〕97号",,https://zh.wikipedia.org/wiki/1994%E5%B9%B4%E4%B8%AD%E5%8D%8E%E4%BA%BA%E6%B0%91%E5%85%B1%E5%92%8C%E5%9B%BD%E5%8E%BF%E7%BA%A7%E4%BB%A5%E4%B8%8A%E8%A1%8C%E6%94%BF%E5%8C%BA%E5%88%92%E5%8F%98%E6%9B%B4%E5%88%97%E8%A1%A8,93187675,row:153,wikipedia_semantic_normalization
WIKI-1994-044,1994,吉林省,rename,E220600,浑江市,白山市,1994-01-31,国函〔1994〕8号,true,high,accepted_rule_extraction,,"colspan=""2""|浑江市||220600 |浑江市更名为白山市 |colspan=""2""|白山市 | 国务院1月31日批复同意<br>国函〔1994〕8号",,https://zh.wikipedia.org/wiki/1994%E5%B9%B4%E4%B8%AD%E5%8D%8E%E4%BA%BA%E6%B0%91%E5%85%B1%E5%92%8C%E5%9B%BD%E5%8E%BF%E7%BA%A7%E4%BB%A5%E4%B8%8A%E8%A1%8C%E6%94%BF%E5%8C%BA%E5%88%92%E5%8F%98%E6%9B%B4%E5%88%97%E8%A1%A8,93187675,row:156,wikipedia_semantic_normalization
WIKI-1994-045,1994,湖南省,rename,E430800,大庸市,张家界市,1994-04-04,国函〔1994〕25号,true,high,accepted_rule_extraction,,"colspan=""2""|大庸市||430800 |大庸市更名为张家界市 |colspan=""2""|张家界市 | 国务院4月4日批复同意<br>国函〔1994〕25号",,https://zh.wikipedia.org/wiki/1994%E5%B9%B4%E4%B8%AD%E5%8D%8E%E4%BA%BA%E6%B0%91%E5%85%B1%E5%92%8C%E5%9B%BD%E5%8E%BF%E7%BA%A7%E4%BB%A5%E4%B8%8A%E8%A1%8C%E6%94%BF%E5%8C%BA%E5%88%92%E5%8F%98%E6%9B%B4%E5%88%97%E8%A1%A8,93187675,row:158,wikipedia_semantic_normalization
WIKI-1995-046,1995,湖北省,upgrade,E421100,黄冈地区,黄冈市,1995-12-23,国函〔1995〕130号,true,high,accepted_rule_extraction,,"colspan=""2""|黄冈地区 |422100 |rowspan=""3""|撤销黄冈地区和黄州市，设立地级黄冈市<br>黄冈市设立黄州区和团风县 |colspan=""2""|黄冈市||421100 |rowspan=""11""|国务院12月23日批复同意<br>国函〔1995〕130号",,https://zh.wikipedia.org/wiki/1995%E5%B9%B4%E4%B8%AD%E5%8D%8E%E4%BA%BA%E6%B0%91%E5%85%B1%E5%92%8C%E5%9B%BD%E5%8E%BF%E7%BA%A7%E4%BB%A5%E4%B8%8A%E8%A1%8C%E6%94%BF%E5%8C%BA%E5%88%92%E5%8F%98%E6%9B%B4%E5%88%97%E8%A1%A8,93188363,row:2,wikipedia_semantic_normalization
WIKI-1995-047,1995,湖南省,upgrade,E431100,零陵地区,永州市,1995-11-05,国函〔1995〕110号,true,high,accepted_rule_extraction,,"colspan=""2""|零陵地区 |432900 |rowspan=""3""|撤销零陵地区和永州市、冷水滩市，设立地级永州市<br>永州市新设芝山区、冷水滩区 |colspan=""2""|永州市||431100 |rowspan=""12""|国务院11月5日批复同意<br>国函〔1995〕110号",,https://zh.wikipedia.org/wiki/1995%E5%B9%B4%E4%B8%AD%E5%8D%8E%E4%BA%BA%E6%B0%91%E5%85%B1%E5%92%8C%E5%9B%BD%E5%8E%BF%E7%BA%A7%E4%BB%A5%E4%B8%8A%E8%A1%8C%E6%94%BF%E5%8C%BA%E5%88%92%E5%8F%98%E6%9B%B4%E5%88%97%E8%A1%A8,93188363,row:14,wikipedia_semantic_normalization
WIKI-1995-048,1995,四川省,upgrade,HIST-CQ-FULING,涪陵地区,涪陵市,1995-11-05,国函〔1995〕106号,true,high,accepted_manual_review,,"colspan=""2""|涪陵地区 |512300 |撤销涪陵地区，设立地级涪陵市 |colspan=""2""|涪陵市 |511400 |rowspan=""7""|国务院11月5日批复同意<br>国函〔1995〕106号",Fuling Prefecture continued as historical prefecture-level Fuling City until 1997,https://zh.wikipedia.org/wiki/1995%E5%B9%B4%E4%B8%AD%E5%8D%8E%E4%BA%BA%E6%B0%91%E5%85%B1%E5%92%8C%E5%9B%BD%E5%8E%BF%E7%BA%A7%E4%BB%A5%E4%B8%8A%E8%A1%8C%E6%94%BF%E5%8C%BA%E5%88%92%E5%8F%98%E6%9B%B4%E5%88%97%E8%A1%A8,93188363,row:27,wikipedia_semantic_normalization
WIKI-1996-049,1996,河北省,upgrade,E131100,衡水地区,衡水市,1996-05-31,国函〔1996〕39号,true,high,accepted_rule_extraction,,"colspan=""2""|衡水地区 |133000 |撤销衡水地区，设立地级衡水市 |colspan=""2""|衡水市 |131100 |rowspan=""12""|国务院5月31日批复同意<br>国函〔1996〕39号",,https://zh.wikipedia.org/wiki/1996%E5%B9%B4%E4%B8%AD%E5%8D%8E%E4%BA%BA%E6%B0%91%E5%85%B1%E5%92%8C%E5%9B%BD%E5%8E%BF%E7%BA%A7%E4%BB%A5%E4%B8%8A%E8%A1%8C%E6%94%BF%E5%8C%BA%E5%88%92%E5%8F%98%E6%9B%B4%E5%88%97%E8%A1%A8,93189391,row:2,wikipedia_semantic_normalization
WIKI-1996-050,1996,安徽省,upgrade,E341200,阜阳地区,阜阳市,1996-01-01,国函〔1996〕1号,true,high,accepted_rule_extraction,,"colspan=""2""|阜阳地区 |342100 |撤销阜阳地区，设立地级阜阳市 |colspan=""2""|阜阳市 |341200 |rowspan=""13""|国务院1月1日批复同意<br>国函〔1996〕1号",,https://zh.wikipedia.org/wiki/1996%E5%B9%B4%E4%B8%AD%E5%8D%8E%E4%BA%BA%E6%B0%91%E5%85%B1%E5%92%8C%E5%9B%BD%E5%8E%BF%E7%BA%A7%E4%BB%A5%E4%B8%8A%E8%A1%8C%E6%94%BF%E5%8C%BA%E5%88%92%E5%8F%98%E6%9B%B4%E5%88%97%E8%A1%A8,93189391,row:15,wikipedia_semantic_normalization
WIKI-1996-051,1996,福建省,upgrade,E350800,龙岩地区,龙岩市,1996-11-20,国函〔1996〕100号,true,high,accepted_rule_extraction,,"colspan=""2""|龙岩地区 |352600 |撤销龙岩地区，设立地级龙岩市 |colspan=""2""|龙岩市 |511500 |rowspan=""8""|国务院11月20日批复同意<br>国函〔1996〕100号",,https://zh.wikipedia.org/wiki/1996%E5%B9%B4%E4%B8%AD%E5%8D%8E%E4%BA%BA%E6%B0%91%E5%85%B1%E5%92%8C%E5%9B%BD%E5%8E%BF%E7%BA%A7%E4%BB%A5%E4%B8%8A%E8%A1%8C%E6%94%BF%E5%8C%BA%E5%88%92%E5%8F%98%E6%9B%B4%E5%88%97%E8%A1%A8,93189391,row:29,wikipedia_semantic_normalization
WIKI-1996-052,1996,四川省,upgrade,E511500,宜宾地区,宜宾市,1996-10-05,国函〔1996〕80号,true,high,accepted_rule_extraction,,"colspan=""2""|宜宾地区 |512500 |撤销宜宾地区，设立地级宜宾市 |colspan=""2""|宜宾市 |511500 |rowspan=""11""|国务院10月5日批复同意<br>国函〔1996〕80号",,https://zh.wikipedia.org/wiki/1996%E5%B9%B4%E4%B8%AD%E5%8D%8E%E4%BA%BA%E6%B0%91%E5%85%B1%E5%92%8C%E5%9B%BD%E5%8E%BF%E7%BA%A7%E4%BB%A5%E4%B8%8A%E8%A1%8C%E6%94%BF%E5%8C%BA%E5%88%92%E5%8F%98%E6%9B%B4%E5%88%97%E8%A1%A8,93189391,row:38,wikipedia_semantic_normalization
WIKI-1996-053,1996,陕西省,upgrade,E610700,汉中地区,汉中市,1996-02-21,国函〔1996〕11号,true,high,accepted_rule_extraction,,"colspan=""2""|汉中地区 |612300 |撤销汉中地区，设立地级汉中市 |colspan=""2""|汉中市 |610700 |rowspan=""12""|国务院2月21日批复同意<br>国函〔1996〕11号",,https://zh.wikipedia.org/wiki/1996%E5%B9%B4%E4%B8%AD%E5%8D%8E%E4%BA%BA%E6%B0%91%E5%85%B1%E5%92%8C%E5%9B%BD%E5%8E%BF%E7%BA%A7%E4%BB%A5%E4%B8%8A%E8%A1%8C%E6%94%BF%E5%8C%BA%E5%88%92%E5%8F%98%E6%9B%B4%E5%88%97%E8%A1%A8,93189391,row:50,wikipedia_semantic_normalization
WIKI-1996-054,1996,陕西省,upgrade,E610600,延安地区,延安市,1996-11-05,国函〔1996〕94号,true,high,accepted_rule_extraction,,"colspan=""2""|延安地区 |612600 |撤销延安地区，设立地级延安市 |colspan=""2""|延安市 |610600 |rowspan=""14""|国务院11月5日批复同意<br>国函〔1996〕94号",,https://zh.wikipedia.org/wiki/1996%E5%B9%B4%E4%B8%AD%E5%8D%8E%E4%BA%BA%E6%B0%91%E5%85%B1%E5%92%8C%E5%9B%BD%E5%8E%BF%E7%BA%A7%E4%BB%A5%E4%B8%8A%E8%A1%8C%E6%94%BF%E5%8C%BA%E5%88%92%E5%8F%98%E6%9B%B4%E5%88%97%E8%A1%A8,93189391,row:62,wikipedia_semantic_normalization
WIKI-1996-055,1996,湖北省,rename,E421000,荆沙市,荆州市,1996-11-20,国函〔1996〕99号,true,high,accepted_rule_extraction,,荆沙市||421000 |将荆沙市更名为荆州市 |荆州市 | 国务院11月20日批复同意<br>国函〔1996〕99号,,https://zh.wikipedia.org/wiki/1996%E5%B9%B4%E4%B8%AD%E5%8D%8E%E4%BA%BA%E6%B0%91%E5%85%B1%E5%92%8C%E5%9B%BD%E5%8E%BF%E7%BA%A7%E4%BB%A5%E4%B8%8A%E8%A1%8C%E6%94%BF%E5%8C%BA%E5%88%92%E5%8F%98%E6%9B%B4%E5%88%97%E8%A1%A8,93189391,row:99,wikipedia_semantic_normalization
WIKI-1996-056,1996,四川省,jurisdiction_transfer,HIST-CQ-QIANJIANG,,,1996-09-05,,false,medium,accepted_manual_review,multi_entity_relation,"万县市||511200||rowspan=""3""|涪陵市、万县市和黔江地区的党政工作和政治、经济社会发展及三峡库区移民工作等，均由重庆市代四川省行使管理职能。||rowspan=""3""|重庆市代管||万县市||rowspan=""3""|中共中央、国务院9月5日批复同意<br>重庆市9月15日行使代管职能","multi-entity transition: Wanxian City, Fuling City, and Qianjiang Prefecture were entrusted to Chongqing administration",https://zh.wikipedia.org/wiki/1996%E5%B9%B4%E4%B8%AD%E5%8D%8E%E4%BA%BA%E6%B0%91%E5%85%B1%E5%92%8C%E5%9B%BD%E5%8E%BF%E7%BA%A7%E4%BB%A5%E4%B8%8A%E8%A1%8C%E6%94%BF%E5%8C%BA%E5%88%92%E5%8F%98%E6%9B%B4%E5%88%97%E8%A1%A8,93189391,row:101,wikipedia_semantic_normalization
WIKI-1997-057,1997,山东省,upgrade,E371500,聊城地区,聊城市,1997-08-29,国函〔1997〕82号,true,high,accepted_rule_extraction,,"colspan=""2""|聊城地区 |372500 |rowspan=""9""|8月29日国务院批复同意<br>国函〔1997〕82号 |撤销聊城地区，设立地级聊城市 |colspan=""2""|聊城市 |371500",,https://zh.wikipedia.org/wiki/1997%E5%B9%B4%E4%B8%AD%E5%8D%8E%E4%BA%BA%E6%B0%91%E5%85%B1%E5%92%8C%E5%9B%BD%E5%8E%BF%E7%BA%A7%E4%BB%A5%E4%B8%8A%E8%A1%8C%E6%94%BF%E5%8C%BA%E5%88%92%E5%8F%98%E6%9B%B4%E5%88%97%E8%A1%A8,86945547,row:2,wikipedia_semantic_normalization
WIKI-1997-058,1997,河南省,upgrade,E411400,商丘地区,商丘市,1997-06-10,国函〔1997〕46号,true,high,accepted_rule_extraction,,"colspan=""2""|商丘地区 |412300 |rowspan=""10""|6月10日国务院批复同意<br>国函〔1997〕46号 |撤销商丘地区，设立地级商丘市 |colspan=""2""|商丘市 |411400",,https://zh.wikipedia.org/wiki/1997%E5%B9%B4%E4%B8%AD%E5%8D%8E%E4%BA%BA%E6%B0%91%E5%85%B1%E5%92%8C%E5%9B%BD%E5%8E%BF%E7%BA%A7%E4%BB%A5%E4%B8%8A%E8%A1%8C%E6%94%BF%E5%8C%BA%E5%88%92%E5%8F%98%E6%9B%B4%E5%88%97%E8%A1%A8,86945547,row:12,wikipedia_semantic_normalization
WIKI-1997-059,1997,湖南省,upgrade,E431200,怀化地区,怀化市,1997-04-22,国函〔1997〕105号,true,high,accepted_rule_extraction,,"colspan=""2""|怀化地区 |433000 |rowspan=""14""|4月22日国务院批复同意<br>国函〔1997〕105号 |撤销怀化地区，设立地级怀化市 |colspan=""2""|怀化市 |431200",,https://zh.wikipedia.org/wiki/1997%E5%B9%B4%E4%B8%AD%E5%8D%8E%E4%BA%BA%E6%B0%91%E5%85%B1%E5%92%8C%E5%9B%BD%E5%8E%BF%E7%BA%A7%E4%BB%A5%E4%B8%8A%E8%A1%8C%E6%94%BF%E5%8C%BA%E5%88%92%E5%8F%98%E6%9B%B4%E5%88%97%E8%A1%A8,86945547,row:23,wikipedia_semantic_normalization
WIKI-1997-060,1997,广西壮族自治区,upgrade,E450900,玉林地区,玉林市,1997-04-22,国函〔1997〕26号,true,high,accepted_rule_extraction,,"colspan=""2""|玉林地区 |452500 |rowspan=""7""|4月22日国务院批复同意<br>国函〔1997〕26号 |撤销玉林地区，设立地级玉林市 |colspan=""2""|玉林市 |450900",,https://zh.wikipedia.org/wiki/1997%E5%B9%B4%E4%B8%AD%E5%8D%8E%E4%BA%BA%E6%B0%91%E5%85%B1%E5%92%8C%E5%9B%BD%E5%8E%BF%E7%BA%A7%E4%BB%A5%E4%B8%8A%E8%A1%8C%E6%94%BF%E5%8C%BA%E5%88%92%E5%8F%98%E6%9B%B4%E5%88%97%E8%A1%A8,86945547,row:38,wikipedia_semantic_normalization
WIKI-1997-061,1997,贵州省,upgrade,E520300,遵义地区,遵义市,1997-05-06,国函〔1997〕45号,true,high,accepted_rule_extraction,,"colspan=""2""|遵义地区 |522100 |rowspan=""14""|5月6日国务院批复同意<br>国函〔1997〕45号 |撤销遵义地区，设立地级遵义市 |colspan=""2""|遵义市 |520300",,https://zh.wikipedia.org/wiki/1997%E5%B9%B4%E4%B8%AD%E5%8D%8E%E4%BA%BA%E6%B0%91%E5%85%B1%E5%92%8C%E5%9B%BD%E5%8E%BF%E7%BA%A7%E4%BB%A5%E4%B8%8A%E8%A1%8C%E6%94%BF%E5%8C%BA%E5%88%92%E5%8F%98%E6%9B%B4%E5%88%97%E8%A1%A8,86945547,row:46,wikipedia_semantic_normalization
WIKI-1997-062,1997,云南省,upgrade,E530300,曲靖地区,曲靖市,1997-05-06,国函〔1997〕32号,true,high,accepted_rule_extraction,,"colspan=""2""|曲靖地区 |532200 |rowspan=""11""|5月6日国务院批复同意<br>国函〔1997〕32号 |撤销曲靖地区，设立地级曲靖市 |colspan=""2""|曲靖市 |530300",,https://zh.wikipedia.org/wiki/1997%E5%B9%B4%E4%B8%AD%E5%8D%8E%E4%BA%BA%E6%B0%91%E5%85%B1%E5%92%8C%E5%9B%BD%E5%8E%BF%E7%BA%A7%E4%BB%A5%E4%B8%8A%E8%A1%8C%E6%94%BF%E5%8C%BA%E5%88%92%E5%8F%98%E6%9B%B4%E5%88%97%E8%A1%A8,86945547,row:61,wikipedia_semantic_normalization
WIKI-1997-063,1997,云南省,upgrade,E530400,玉溪地区,玉溪市,1997-12-13,国函〔1997〕108号,true,high,accepted_rule_extraction,,"colspan=""2""|玉溪地区 |532400 |rowspan=""10""|12月13日国务院批复同意<br>国函〔1997〕108号 |撤销玉溪地区，设立地级玉溪市 |colspan=""2""|玉溪市 |530400",,https://zh.wikipedia.org/wiki/1997%E5%B9%B4%E4%B8%AD%E5%8D%8E%E4%BA%BA%E6%B0%91%E5%85%B1%E5%92%8C%E5%9B%BD%E5%8E%BF%E7%BA%A7%E4%BB%A5%E4%B8%8A%E8%A1%8C%E6%94%BF%E5%8C%BA%E5%88%92%E5%8F%98%E6%9B%B4%E5%88%97%E8%A1%A8,86945547,row:72,wikipedia_semantic_normalization
WIKI-1997-064,1997,广西壮族自治区,rename,E451100,梧州地区,贺州地区,1997-02-27,国函〔1997〕12号,true,high,accepted_rule_extraction,,"colspan=""2""|梧州地区 |452400 |rowspan=""8""|2月27日国务院批复同意<br>国函〔1997〕12号 |将梧州地区行署驻地由梧州市区迁至贺州市八步镇，梧州地区更名为贺州地区 |colspan=""2""|贺州地区 |未变",,https://zh.wikipedia.org/wiki/1997%E5%B9%B4%E4%B8%AD%E5%8D%8E%E4%BA%BA%E6%B0%91%E5%85%B1%E5%92%8C%E5%9B%BD%E5%8E%BF%E7%BA%A7%E4%BB%A5%E4%B8%8A%E8%A1%8C%E6%94%BF%E5%8C%BA%E5%88%92%E5%8F%98%E6%9B%B4%E5%88%97%E8%A1%A8,86945547,row:83,wikipedia_semantic_normalization
WIKI-1997-065,1997,四川省,establish_prefecture,E511400,,眉山地区,1997-05-30,国函〔1997〕41号,false,medium,accepted_manual_review,,"colspan=""3""| ||rowspan=""7""|5月30日国务院批复同意<br>国函〔1997〕41号||设立眉山地区||colspan=""2""|眉山地区||513800",眉山地区 later became 眉山市,https://zh.wikipedia.org/wiki/1997%E5%B9%B4%E4%B8%AD%E5%8D%8E%E4%BA%BA%E6%B0%91%E5%85%B1%E5%92%8C%E5%9B%BD%E5%8E%BF%E7%BA%A7%E4%BB%A5%E4%B8%8A%E8%A1%8C%E6%94%BF%E5%8C%BA%E5%88%92%E5%8F%98%E6%9B%B4%E5%88%97%E8%A1%A8,86945547,row:92,wikipedia_semantic_normalization
WIKI-1998-066,1998,安徽省,upgrade,E341300,宿县地区,宿州市,1998-12-06,国函〔1998〕102号,true,high,accepted_rule_extraction,,"colspan=""2""|宿县地区 |342200 |rowspan=""6""|国务院12月6日批复同意<br>国函〔1998〕102号 |撤销宿县地区，设立地级宿州市 |colspan=""2""|宿州市 |341300",,https://zh.wikipedia.org/wiki/1998%E5%B9%B4%E4%B8%AD%E5%8D%8E%E4%BA%BA%E6%B0%91%E5%85%B1%E5%92%8C%E5%9B%BD%E5%8E%BF%E7%BA%A7%E4%BB%A5%E4%B8%8A%E8%A1%8C%E6%94%BF%E5%8C%BA%E5%88%92%E5%8F%98%E6%9B%B4%E5%88%97%E8%A1%A8,67074272,row:2,wikipedia_semantic_normalization
WIKI-1998-067,1998,江西省,upgrade,E360700,赣州地区,赣州市,1998-12-24,国函〔1998〕114号,true,high,accepted_rule_extraction,,"colspan=""2""|赣州地区 |362100 |rowspan=""19""|国务院12月24日批复同意<br>国函〔1998〕114号 |撤销赣州地区，设立地级赣州市 |colspan=""2""|赣州市 |360700",,https://zh.wikipedia.org/wiki/1998%E5%B9%B4%E4%B8%AD%E5%8D%8E%E4%BA%BA%E6%B0%91%E5%85%B1%E5%92%8C%E5%9B%BD%E5%8E%BF%E7%BA%A7%E4%BB%A5%E4%B8%8A%E8%A1%8C%E6%94%BF%E5%8C%BA%E5%88%92%E5%8F%98%E6%9B%B4%E5%88%97%E8%A1%A8,67074272,row:9,wikipedia_semantic_normalization
WIKI-1998-068,1998,河南省,upgrade,E411500,信阳地区,信阳市,1998-06-09,国函〔1998〕44号,true,high,accepted_rule_extraction,,"colspan=""2""|信阳地区 |413000 |rowspan=""11""|国务院6月9日批复同意<br>国函〔1998〕44号 |撤销信阳地区，设立地级信阳市 |colspan=""2""|信阳市 |421200",,https://zh.wikipedia.org/wiki/1998%E5%B9%B4%E4%B8%AD%E5%8D%8E%E4%BA%BA%E6%B0%91%E5%85%B1%E5%92%8C%E5%9B%BD%E5%8E%BF%E7%BA%A7%E4%BB%A5%E4%B8%8A%E8%A1%8C%E6%94%BF%E5%8C%BA%E5%88%92%E5%8F%98%E6%9B%B4%E5%88%97%E8%A1%A8,67074272,row:29,wikipedia_semantic_normalization
WIKI-1998-069,1998,湖北省,upgrade,E421200,咸宁地区,咸宁市,1998-12-06,国函〔1998〕102号,true,high,accepted_rule_extraction,,"colspan=""2""|咸宁地区 |422300 |rowspan=""7""|国务院12月6日批复同意<br>国函〔1998〕102号 |撤销咸宁地区，设立地级咸宁市 |colspan=""2""|咸宁市 |421200",,https://zh.wikipedia.org/wiki/1998%E5%B9%B4%E4%B8%AD%E5%8D%8E%E4%BA%BA%E6%B0%91%E5%85%B1%E5%92%8C%E5%9B%BD%E5%8E%BF%E7%BA%A7%E4%BB%A5%E4%B8%8A%E8%A1%8C%E6%94%BF%E5%8C%BA%E5%88%92%E5%8F%98%E6%9B%B4%E5%88%97%E8%A1%A8,67074272,row:41,wikipedia_semantic_normalization
WIKI-1998-070,1998,四川省,upgrade,E511600,广安地区,广安市,1998-07-31,国函〔1998〕60号,true,high,accepted_rule_extraction,,"colspan=""2""|广安地区 |513600 |rowspan=""6""|国务院7月31日批复同意<br>国函〔1998〕60号 |撤销广安地区，设立地级广安市 |colspan=""2""|广安市 |511600",,https://zh.wikipedia.org/wiki/1998%E5%B9%B4%E4%B8%AD%E5%8D%8E%E4%BA%BA%E6%B0%91%E5%85%B1%E5%92%8C%E5%9B%BD%E5%8E%BF%E7%BA%A7%E4%BB%A5%E4%B8%8A%E8%A1%8C%E6%94%BF%E5%8C%BA%E5%88%92%E5%8F%98%E6%9B%B4%E5%88%97%E8%A1%A8,67074272,row:49,wikipedia_semantic_normalization
WIKI-1998-071,1998,宁夏回族自治区,upgrade,E640300,银南地区,吴忠市,1998-05-11,国函〔1998〕33号,true,high,accepted_rule_extraction,,"colspan=""2""|银南地区 |642100 |rowspan=""8""|国务院5月11日批复同意<br>国函〔1998〕33号 |撤销银南地区，设立地级吴忠市 |colspan=""2""|吴忠市 |640300",,https://zh.wikipedia.org/wiki/1998%E5%B9%B4%E4%B8%AD%E5%8D%8E%E4%BA%BA%E6%B0%91%E5%85%B1%E5%92%8C%E5%9B%BD%E5%8E%BF%E7%BA%A7%E4%BB%A5%E4%B8%8A%E8%A1%8C%E6%94%BF%E5%8C%BA%E5%88%92%E5%8F%98%E6%9B%B4%E5%88%97%E8%A1%A8,67074272,row:56,wikipedia_semantic_normalization
WIKI-1998-072,1998,四川省,establish_prefecture,E512000,,资阳地区,1998-02-26,国函〔1988〕15号,false,medium,accepted_manual_review,document_year_differs_from_page_year,"colspan=""3""| ||rowspan=""6""|国务院2月26日批复同意<br>国函〔1988〕15号||rowspan=""6""|设立资阳地区||colspan=""2""|资阳地区||513900",资阳地区 later became 资阳市,https://zh.wikipedia.org/wiki/1998%E5%B9%B4%E4%B8%AD%E5%8D%8E%E4%BA%BA%E6%B0%91%E5%85%B1%E5%92%8C%E5%9B%BD%E5%8E%BF%E7%BA%A7%E4%BB%A5%E4%B8%8A%E8%A1%8C%E6%94%BF%E5%8C%BA%E5%88%92%E5%8F%98%E6%9B%B4%E5%88%97%E8%A1%A8,67074272,row:77,wikipedia_semantic_normalization
WIKI-1999-073,1999,山西省,upgrade,E140700,晋中地区,晋中市,1999-09-24,国函〔1999〕124号,true,high,accepted_rule_extraction,,"colspan=""2""|晋中地区 |142400 |rowspan=""12""|9月24日中华人民共和国国务院同意<br>国函〔1999〕124号 |撤销晋中地区，设立地级晋中市 |colspan=""2""|晋中市 |140700",,https://zh.wikipedia.org/wiki/1999%E5%B9%B4%E4%B8%AD%E5%8D%8E%E4%BA%BA%E6%B0%91%E5%85%B1%E5%92%8C%E5%9B%BD%E5%8E%BF%E7%BA%A7%E4%BB%A5%E4%B8%8A%E8%A1%8C%E6%94%BF%E5%8C%BA%E5%88%92%E5%8F%98%E6%9B%B4%E5%88%97%E8%A1%A8,89282870,row:2,wikipedia_semantic_normalization
WIKI-1999-074,1999,黑龙江省,upgrade,E231200,绥化地区,绥化市,1999-12-28,国函〔1999〕154号,true,high,accepted_rule_extraction,,"colspan=""2""|绥化地区 |232300 |rowspan=""11""|12月28日中华人民共和国国务院同意<br>国函〔1999〕154号 |撤销绥化地区，设立地级绥化市 |colspan=""2""|绥化市 |231200",,https://zh.wikipedia.org/wiki/1999%E5%B9%B4%E4%B8%AD%E5%8D%8E%E4%BA%BA%E6%B0%91%E5%85%B1%E5%92%8C%E5%9B%BD%E5%8E%BF%E7%BA%A7%E4%BB%A5%E4%B8%8A%E8%A1%8C%E6%94%BF%E5%8C%BA%E5%88%92%E5%8F%98%E6%9B%B4%E5%88%97%E8%A1%A8,89282870,row:15,wikipedia_semantic_normalization
WIKI-1999-075,1999,安徽省,upgrade,E341400,巢湖地区,巢湖市,1999-07-09,国函〔1999〕80号,true,high,accepted_rule_extraction,,"colspan=""2""|巢湖地区 |342600 |rowspan=""6""|7月9日中华人民共和国国务院同意<br>国函〔1999〕80号 |撤销巢湖地区，设立地级巢湖市 |colspan=""2""|巢湖市 |341400",,https://zh.wikipedia.org/wiki/1999%E5%B9%B4%E4%B8%AD%E5%8D%8E%E4%BA%BA%E6%B0%91%E5%85%B1%E5%92%8C%E5%9B%BD%E5%8E%BF%E7%BA%A7%E4%BB%A5%E4%B8%8A%E8%A1%8C%E6%94%BF%E5%8C%BA%E5%88%92%E5%8F%98%E6%9B%B4%E5%88%97%E8%A1%A8,89282870,row:27,wikipedia_semantic_normalization
WIKI-1999-076,1999,安徽省,upgrade,E341500,六安地区,六安市,1999-09-02,国函〔1999〕109号,true,high,accepted_rule_extraction,,"colspan=""2""|六安地区 |342400 |rowspan=""8""|9月2日中华人民共和国国务院同意<br>国函〔1999〕109号 |撤销六安地区，设立地级六安市 |colspan=""2""|六安市 |341500",,https://zh.wikipedia.org/wiki/1999%E5%B9%B4%E4%B8%AD%E5%8D%8E%E4%BA%BA%E6%B0%91%E5%85%B1%E5%92%8C%E5%9B%BD%E5%8E%BF%E7%BA%A7%E4%BB%A5%E4%B8%8A%E8%A1%8C%E6%94%BF%E5%8C%BA%E5%88%92%E5%8F%98%E6%9B%B4%E5%88%97%E8%A1%A8,89282870,row:33,wikipedia_semantic_normalization
WIKI-1999-077,1999,福建省,upgrade,E350900,宁德地区,宁德市,1999-11-14,国函〔1999〕136号,true,high,accepted_rule_extraction,,"colspan=""2""|宁德地区 |352200 |rowspan=""10""|11月14日中华人民共和国国务院同意<br>国函〔1999〕136号 |撤销宁德地区，设立地级宁德市 |colspan=""2""|宁德市 |350900",,https://zh.wikipedia.org/wiki/1999%E5%B9%B4%E4%B8%AD%E5%8D%8E%E4%BA%BA%E6%B0%91%E5%85%B1%E5%92%8C%E5%9B%BD%E5%8E%BF%E7%BA%A7%E4%BB%A5%E4%B8%8A%E8%A1%8C%E6%94%BF%E5%8C%BA%E5%88%92%E5%8F%98%E6%9B%B4%E5%88%97%E8%A1%A8,89282870,row:42,wikipedia_semantic_normalization
WIKI-1999-078,1999,湖南省,upgrade,E431300,娄底地区,娄底市,1999-01-20,国函〔1999〕6号,true,high,accepted_rule_extraction,,"colspan=""2""|娄底地区 |432500 |rowspan=""6""|1月20日中华人民共和国国务院同意<br>国函〔1999〕6号 |撤销娄底地区，设立地级娄底市 |colspan=""2""|娄底市 |431300",,https://zh.wikipedia.org/wiki/1999%E5%B9%B4%E4%B8%AD%E5%8D%8E%E4%BA%BA%E6%B0%91%E5%85%B1%E5%92%8C%E5%9B%BD%E5%8E%BF%E7%BA%A7%E4%BB%A5%E4%B8%8A%E8%A1%8C%E6%94%BF%E5%8C%BA%E5%88%92%E5%8F%98%E6%9B%B4%E5%88%97%E8%A1%A8,89282870,row:53,wikipedia_semantic_normalization
WIKI-1999-079,1999,四川省,upgrade,E511700,达川地区,达州市,1999-06-20,国函〔1999〕51号,true,high,accepted_rule_extraction,,"colspan=""2""|达川地区 |513000 |rowspan=""8""|6月20日中华人民共和国国务院同意<br>国函〔1999〕51号 |撤销达川地区，设立地级达州市 |colspan=""2""|达州市 |511700",,https://zh.wikipedia.org/wiki/1999%E5%B9%B4%E4%B8%AD%E5%8D%8E%E4%BA%BA%E6%B0%91%E5%85%B1%E5%92%8C%E5%9B%BD%E5%8E%BF%E7%BA%A7%E4%BB%A5%E4%B8%8A%E8%A1%8C%E6%94%BF%E5%8C%BA%E5%88%92%E5%8F%98%E6%9B%B4%E5%88%97%E8%A1%A8,89282870,row:60,wikipedia_semantic_normalization
WIKI-1999-080,1999,陕西省,upgrade,E610800,榆林地区,榆林市,1999-12-05,国函〔1999〕141号,true,high,accepted_rule_extraction,,"colspan=""2""|榆林地区 |612700 |rowspan=""13""|12月5日中华人民共和国国务院同意<br>国函〔1999〕141号 |撤销榆林地区，设立地级榆林市 |colspan=""2""|榆林市 |610800",,https://zh.wikipedia.org/wiki/1999%E5%B9%B4%E4%B8%AD%E5%8D%8E%E4%BA%BA%E6%B0%91%E5%85%B1%E5%92%8C%E5%9B%BD%E5%8E%BF%E7%BA%A7%E4%BB%A5%E4%B8%8A%E8%A1%8C%E6%94%BF%E5%8C%BA%E5%88%92%E5%8F%98%E6%9B%B4%E5%88%97%E8%A1%A8,89282870,row:69,wikipedia_semantic_normalization
WIKI-1999-081,1999,内蒙古自治区,upgrade,E150500,哲里木盟,通辽市,1999-01-13,国函〔1999〕5号,true,high,accepted_rule_extraction,,"colspan=""2""|哲里木盟 |152300 |rowspan=""9""|1月13日中华人民共和国国务院同意<br>国函〔1999〕5号 |撤销哲里木盟，设立地级通辽市 |colspan=""2""|通辽市 |150500",,https://zh.wikipedia.org/wiki/1999%E5%B9%B4%E4%B8%AD%E5%8D%8E%E4%BA%BA%E6%B0%91%E5%85%B1%E5%92%8C%E5%9B%BD%E5%8E%BF%E7%BA%A7%E4%BB%A5%E4%B8%8A%E8%A1%8C%E6%94%BF%E5%8C%BA%E5%88%92%E5%8F%98%E6%9B%B4%E5%88%97%E8%A1%A8,89282870,row:83,wikipedia_semantic_normalization
PL-2000-001,2000,江西省,upgrade,E360800,吉安地区,吉安市,2000-05-11,,true,high,accepted_reviewed,,年度页记载撤销吉安地区，设立地级吉安市。,地级市数量增加1；全部地级单位净变化0。,https://zh.wikipedia.org/wiki/2000年中华人民共和国县级以上行政区划变更列表,,turn324400view0:L188-L248,reviewed_event_workbook
PL-2000-002,2000,浙江省,upgrade,E331100,丽水地区,丽水市,2000-05-20,,true,high,accepted_reviewed,,年度页记载撤销丽水地区，设立地级丽水市。,地级市数量增加1；全部地级单位净变化0。,https://zh.wikipedia.org/wiki/2000年中华人民共和国县级以上行政区划变更列表,,turn324400view0:L188-L248,reviewed_event_workbook
PL-2000-003,2000,江西省,upgrade,E360900,宜春地区,宜春市,2000-05-22,,true,high,accepted_reviewed,,年度页记载撤销宜春地区，设立地级宜春市。,地级市数量增加1；全部地级单位净变化0。,https://zh.wikipedia.org/wiki/2000年中华人民共和国县级以上行政区划变更列表,,turn324400view0:L188-L248,reviewed_event_workbook
PL-2000-004,2000,河南省,upgrade,E411600,周口地区,周口市,2000-06-08,,true,high,accepted_reviewed,,年度页记载撤销周口地区，设立地级周口市。,地级市数量增加1；全部地级单位净变化0。,https://zh.wikipedia.org/wiki/2000年中华人民共和国县级以上行政区划变更列表,,turn324400view0:L188-L248,reviewed_event_workbook
PL-2000-005,2000,河南省,upgrade,E411700,驻马店地区,驻马店市,2000-06-08,,true,high,accepted_reviewed,,年度页记载撤销驻马店地区，设立地级驻马店市。,地级市数量增加1；全部地级单位净变化0。,https://zh.wikipedia.org/wiki/2000年中华人民共和国县级以上行政区划变更列表,,turn324400view0:L188-L248,reviewed_event_workbook
PL-2000-006,2000,山东省,upgrade,E371600,滨州地区,滨州市,2000-06-10,,true,high,accepted_reviewed,,年度页记载撤销滨州地区，设立地级滨州市。,地级市数量增加1；全部地级单位净变化0。,https://zh.wikipedia.org/wiki/2000年中华人民共和国县级以上行政区划变更列表,,turn324400view0:L188-L248,reviewed_event_workbook
PL-2000-007,2000,四川省,upgrade,E511400,眉山地区,眉山市,2000-06-10,,true,high,accepted_reviewed,,年度页记载撤销眉山地区，设立地级眉山市。,地级市数量增加1；全部地级单位净变化0。,https://zh.wikipedia.org/wiki/2000年中华人民共和国县级以上行政区划变更列表,,turn324400view0:L188-L248,reviewed_event_workbook
PL-2000-008,2000,四川省,upgrade,E511800,雅安地区,雅安市,2000-06-14,,true,high,accepted_reviewed,,年度页记载撤销雅安地区，设立地级雅安市。,地级市数量增加1；全部地级单位净变化0。,https://zh.wikipedia.org/wiki/2000年中华人民共和国县级以上行政区划变更列表,,turn324400view0:L188-L248,reviewed_event_workbook
PL-2000-009,2000,四川省,upgrade,E511900,巴中地区,巴中市,2000-06-14,,true,high,accepted_reviewed,,年度页记载撤销巴中地区，设立地级巴中市。,地级市数量增加1；全部地级单位净变化0。,https://zh.wikipedia.org/wiki/2000年中华人民共和国县级以上行政区划变更列表,,turn324400view0:L188-L248,reviewed_event_workbook
PL-2000-010,2000,四川省,upgrade,E512000,资阳地区,资阳市,2000-06-14,,true,high,accepted_reviewed,,年度页记载撤销资阳地区，设立地级资阳市。,地级市数量增加1；全部地级单位净变化0。,https://zh.wikipedia.org/wiki/2000年中华人民共和国县级以上行政区划变更列表,,turn324400view0:L188-L248,reviewed_event_workbook
PL-2000-011,2000,山西省,upgrade,E140800,运城地区,运城市,2000-06-14,,true,high,accepted_reviewed,,年度页记载撤销运城地区，设立地级运城市。,地级市数量增加1；全部地级单位净变化0。,https://zh.wikipedia.org/wiki/2000年中华人民共和国县级以上行政区划变更列表,,turn324400view0:L188-L248,reviewed_event_workbook
PL-2000-012,2000,山西省,upgrade,E140900,忻州地区,忻州市,2000-06-14,,true,high,accepted_reviewed,,年度页记载撤销忻州地区，设立地级忻州市。,地级市数量增加1；全部地级单位净变化0。,https://zh.wikipedia.org/wiki/2000年中华人民共和国县级以上行政区划变更列表,,turn324400view0:L188-L248,reviewed_event_workbook
PL-2000-013,2000,山西省,upgrade,E141000,临汾地区,临汾市,2000-06-23,,true,high,accepted_reviewed,,年度页记载撤销临汾地区，设立地级临汾市。,地级市数量增加1；全部地级单位净变化0。,https://zh.wikipedia.org/wiki/2000年中华人民共和国县级以上行政区划变更列表,,turn324400view0:L188-L248,reviewed_event_workbook
PL-2000-014,2000,贵州省,upgrade,E520400,安顺地区,安顺市,2000-06-23,,true,high,accepted_reviewed,,年度页记载撤销安顺地区，设立地级安顺市。,地级市数量增加1；全部地级单位净变化0。,https://zh.wikipedia.org/wiki/2000年中华人民共和国县级以上行政区划变更列表,,turn324400view0:L188-L248,reviewed_event_workbook
PL-2000-015,2000,陕西省,upgrade,E610900,安康地区,安康市,2000-06-23,,true,high,accepted_reviewed,,年度页记载撤销安康地区，设立地级安康市。,地级市数量增加1；全部地级单位净变化0。,https://zh.wikipedia.org/wiki/2000年中华人民共和国县级以上行政区划变更列表,,turn324400view0:L188-L248,reviewed_event_workbook
PL-2000-016,2000,江西省,upgrade,E361000,抚州地区,抚州市,2000-06-23,,true,high,accepted_reviewed,,年度页记载撤销抚州地区，设立地级抚州市。,地级市数量增加1；全部地级单位净变化0。,https://zh.wikipedia.org/wiki/2000年中华人民共和国县级以上行政区划变更列表,,turn324400view0:L188-L248,reviewed_event_workbook
PL-2000-017,2000,江西省,upgrade,E361100,上饶地区,上饶市,2000-06-23,,true,high,accepted_reviewed,,年度页记载撤销上饶地区，设立地级上饶市。,地级市数量增加1；全部地级单位净变化0。,https://zh.wikipedia.org/wiki/2000年中华人民共和国县级以上行政区划变更列表,,turn324400view0:L188-L248,reviewed_event_workbook
PL-2000-018,2000,山东省,upgrade,E371700,菏泽地区,菏泽市,2000-06-23,,true,high,accepted_reviewed,,年度页记载撤销菏泽地区，设立地级菏泽市。,地级市数量增加1；全部地级单位净变化0。,https://zh.wikipedia.org/wiki/2000年中华人民共和国县级以上行政区划变更列表,,turn324400view0:L188-L248,reviewed_event_workbook
PL-2000-019,2000,安徽省,upgrade,E341700,池州地区,池州市,2000-06-25,,true,high,accepted_reviewed,,年度页记载撤销池州地区，设立地级池州市。,地级市数量增加1；全部地级单位净变化0。,https://zh.wikipedia.org/wiki/2000年中华人民共和国县级以上行政区划变更列表,,turn324400view0:L188-L248,reviewed_event_workbook
PL-2000-020,2000,安徽省,upgrade,E341800,宣城地区,宣城市,2000-06-25,,true,high,accepted_reviewed,,年度页记载撤销宣城地区，设立地级宣城市。,地级市数量增加1；全部地级单位净变化0。,https://zh.wikipedia.org/wiki/2000年中华人民共和国县级以上行政区划变更列表,,turn324400view0:L188-L248,reviewed_event_workbook
PL-2000-021,2000,云南省,upgrade,E530500,保山地区,保山市,2000-12-30,,true,high,accepted_reviewed,,年度页记载撤销保山地区，设立地级保山市。,地级市数量增加1；全部地级单位净变化0。,https://zh.wikipedia.org/wiki/2000年中华人民共和国县级以上行政区划变更列表,,turn324400view0:L188-L248,reviewed_event_workbook
PL-2000-022,2000,安徽省,upgrade,E341600,亳州市,亳州市,2000-05-21,,true,high,accepted_reviewed,,撤销县级亳州市，设立地级亳州市，并划入涡阳、蒙城、利辛三县。,按用户口径计为新增地级市。,https://zh.wikipedia.org/wiki/2000年中华人民共和国县级以上行政区划变更列表,,turn324400view0:L200-L202,reviewed_event_workbook
PL-2000-023,2000,湖北省,upgrade,E421300,随州市,随州市,2000-06-25,,true,high,accepted_reviewed,,撤销县级随州市，设立地级随州市，并由其代管广水市。,按用户口径计为新增地级市。,https://zh.wikipedia.org/wiki/2000年中华人民共和国县级以上行政区划变更列表,,turn324400view0:L235-L237,reviewed_event_workbook
PL-2000-024,2000,江苏省,rename,E320800,淮阴市,淮安市,2000-12-21,,true,high,accepted_reviewed,,地级淮阴市更名为淮安市；同步调整原县级淮安市和淮阴县建制。,实体连续，地级单位净变化0。,https://zh.wikipedia.org/wiki/2000年中华人民共和国县级以上行政区划变更列表,,turn324400view0:L242-L246,reviewed_event_workbook
PL-2001-001,2001,云南省,upgrade,E530600,昭通地区,昭通市,2001-01-13,,true,high,accepted_reviewed,,年度页记载撤销昭通地区并设立地级昭通市。,地级市数量增加1；全部地级单位净变化0。,https://zh.wikipedia.org/wiki/2001年中华人民共和国县级以上行政区划变更列表,,turn362959view0:L233-L252,reviewed_event_workbook
PL-2001-002,2001,内蒙古自治区,upgrade,E150600,伊克昭盟,鄂尔多斯市,2001-02-26,,true,high,accepted_reviewed,,年度页记载撤销伊克昭盟并设立地级鄂尔多斯市。,地级市数量增加1；全部地级单位净变化0。,https://zh.wikipedia.org/wiki/2001年中华人民共和国县级以上行政区划变更列表,,turn362959view0:L233-L252,reviewed_event_workbook
PL-2001-003,2001,甘肃省,upgrade,E620600,武威地区,武威市,2001-05-09,,true,high,accepted_reviewed,,年度页记载撤销武威地区并设立地级武威市。,地级市数量增加1；全部地级单位净变化0。,https://zh.wikipedia.org/wiki/2001年中华人民共和国县级以上行政区划变更列表,,turn362959view0:L233-L252,reviewed_event_workbook
PL-2001-004,2001,宁夏回族自治区,upgrade,E640400,固原地区,固原市,2001-07-07,,true,high,accepted_reviewed,,年度页记载撤销固原地区并设立地级固原市。,地级市数量增加1；全部地级单位净变化0。,https://zh.wikipedia.org/wiki/2001年中华人民共和国县级以上行政区划变更列表,,turn362959view0:L233-L252,reviewed_event_workbook
PL-2001-005,2001,陕西省,upgrade,E611000,商洛地区,商洛市,2001-08-31,,true,high,accepted_reviewed,,年度页记载撤销商洛地区并设立地级商洛市。,地级市数量增加1；全部地级单位净变化0。,https://zh.wikipedia.org/wiki/2001年中华人民共和国县级以上行政区划变更列表,,turn362959view0:L233-L252,reviewed_event_workbook
PL-2001-006,2001,内蒙古自治区,upgrade,E150700,呼伦贝尔盟,呼伦贝尔市,2001-10-10,,true,high,accepted_reviewed,,年度页记载撤销呼伦贝尔盟并设立地级呼伦贝尔市。,地级市数量增加1；全部地级单位净变化0。,https://zh.wikipedia.org/wiki/2001年中华人民共和国县级以上行政区划变更列表,,turn362959view0:L233-L252,reviewed_event_workbook
PL-2001-007,2001,新疆维吾尔自治区,abolish,E654100,伊犁地区,,2001-10-06,,false,high,accepted_reviewed,,撤销伊犁地区，其所辖市县划归伊犁哈萨克自治州管辖。,没有新设地级单位，全部地级单位净减少1。,https://zh.wikipedia.org/wiki/2001年中华人民共和国县级以上行政区划变更列表,,turn362959view0:L247-L250,reviewed_event_workbook
PL-2002-001,2002,甘肃省,upgrade,E620700,张掖地区,张掖市,2002-03-01,,true,high,accepted_reviewed,,年度页记载撤销张掖地区并设立地级张掖市。,部分新市名称与原地区驻地县不同，但仍属于地区撤销、新设地级市。,https://zh.wikipedia.org/wiki/2002年中华人民共和国县级以上行政区划变更列表,,turn362959view1:L239-L269,reviewed_event_workbook
PL-2002-002,2002,广西壮族自治区,upgrade,E451000,百色地区,百色市,2002-06-02,,true,high,accepted_reviewed,,年度页记载撤销百色地区并设立地级百色市。,部分新市名称与原地区驻地县不同，但仍属于地区撤销、新设地级市。,https://zh.wikipedia.org/wiki/2002年中华人民共和国县级以上行政区划变更列表,,turn362959view1:L239-L269,reviewed_event_workbook
PL-2002-003,2002,甘肃省,upgrade,E620800,平凉地区,平凉市,2002-06-02,,true,high,accepted_reviewed,,年度页记载撤销平凉地区并设立地级平凉市。,部分新市名称与原地区驻地县不同，但仍属于地区撤销、新设地级市。,https://zh.wikipedia.org/wiki/2002年中华人民共和国县级以上行政区划变更列表,,turn362959view1:L239-L269,reviewed_event_workbook
PL-2002-004,2002,广西壮族自治区,upgrade,E451100,贺州地区,贺州市,2002-06-18,,true,high,accepted_reviewed,,年度页记载撤销贺州地区并设立地级贺州市。,部分新市名称与原地区驻地县不同，但仍属于地区撤销、新设地级市。,https://zh.wikipedia.org/wiki/2002年中华人民共和国县级以上行政区划变更列表,,turn362959view1:L239-L269,reviewed_event_workbook
PL-2002-005,2002,广西壮族自治区,upgrade,E451200,河池地区,河池市,2002-06-18,,true,high,accepted_reviewed,,年度页记载撤销河池地区并设立地级河池市。,部分新市名称与原地区驻地县不同，但仍属于地区撤销、新设地级市。,https://zh.wikipedia.org/wiki/2002年中华人民共和国县级以上行政区划变更列表,,turn362959view1:L239-L269,reviewed_event_workbook
PL-2002-006,2002,甘肃省,upgrade,E620900,酒泉地区,酒泉市,2002-06-18,,true,high,accepted_reviewed,,年度页记载撤销酒泉地区并设立地级酒泉市。,部分新市名称与原地区驻地县不同，但仍属于地区撤销、新设地级市。,https://zh.wikipedia.org/wiki/2002年中华人民共和国县级以上行政区划变更列表,,turn362959view1:L239-L269,reviewed_event_workbook
PL-2002-007,2002,甘肃省,upgrade,E621000,庆阳地区,庆阳市,2002-06-22,,true,high,accepted_reviewed,,年度页记载撤销庆阳地区并设立地级庆阳市。,部分新市名称与原地区驻地县不同，但仍属于地区撤销、新设地级市。,https://zh.wikipedia.org/wiki/2002年中华人民共和国县级以上行政区划变更列表,,turn362959view1:L239-L269,reviewed_event_workbook
PL-2002-008,2002,广西壮族自治区,upgrade,E451300,柳州地区,来宾市,2002-09-29,,true,high,accepted_reviewed,,年度页记载撤销柳州地区并设立地级来宾市。,部分新市名称与原地区驻地县不同，但仍属于地区撤销、新设地级市。,https://zh.wikipedia.org/wiki/2002年中华人民共和国县级以上行政区划变更列表,,turn362959view1:L239-L269,reviewed_event_workbook
PL-2002-009,2002,广西壮族自治区,upgrade,E451400,南宁地区,崇左市,2002-12-23,,true,high,accepted_reviewed,,年度页记载撤销南宁地区并设立地级崇左市。,部分新市名称与原地区驻地县不同，但仍属于地区撤销、新设地级市。,https://zh.wikipedia.org/wiki/2002年中华人民共和国县级以上行政区划变更列表,,turn362959view1:L239-L269,reviewed_event_workbook
PL-2002-010,2002,云南省,upgrade,E530700,丽江地区,丽江市,2002-12-26,,true,high,accepted_reviewed,,年度页记载撤销丽江地区并设立地级丽江市。,部分新市名称与原地区驻地县不同，但仍属于地区撤销、新设地级市。,https://zh.wikipedia.org/wiki/2002年中华人民共和国县级以上行政区划变更列表,,turn362959view1:L239-L269,reviewed_event_workbook
PL-2003-001,2003,甘肃省,upgrade,E621100,定西地区,定西市,2003-04-04,,true,high,accepted_reviewed,,年度页记载撤销定西地区并设立地级定西市。,地级市数量增加1；全部地级单位净变化0。,https://zh.wikipedia.org/wiki/2003年中华人民共和国县级以上行政区划变更列表,,turn362959view2:L208-L224,reviewed_event_workbook
PL-2003-002,2003,山西省,upgrade,E141100,吕梁地区,吕梁市,2003-10-23,,true,high,accepted_reviewed,,年度页记载撤销吕梁地区并设立地级吕梁市。,地级市数量增加1；全部地级单位净变化0。,https://zh.wikipedia.org/wiki/2003年中华人民共和国县级以上行政区划变更列表,,turn362959view2:L208-L224,reviewed_event_workbook
PL-2003-003,2003,云南省,upgrade,E530800,思茅地区,思茅市,2003-10-30,,true,high,accepted_reviewed,,年度页记载撤销思茅地区并设立地级思茅市。,地级市数量增加1；全部地级单位净变化0。,https://zh.wikipedia.org/wiki/2003年中华人民共和国县级以上行政区划变更列表,,turn362959view2:L208-L224,reviewed_event_workbook
PL-2003-004,2003,内蒙古自治区,upgrade,E150800,巴彦淖尔盟,巴彦淖尔市,2003-12-01,,true,high,accepted_reviewed,,年度页记载撤销巴彦淖尔盟并设立地级巴彦淖尔市。,地级市数量增加1；全部地级单位净变化0。,https://zh.wikipedia.org/wiki/2003年中华人民共和国县级以上行政区划变更列表,,turn362959view2:L208-L224,reviewed_event_workbook
PL-2003-005,2003,内蒙古自治区,upgrade,E150900,乌兰察布盟,乌兰察布市,2003-12-01,,true,high,accepted_reviewed,,年度页记载撤销乌兰察布盟并设立地级乌兰察布市。,地级市数量增加1；全部地级单位净变化0。,https://zh.wikipedia.org/wiki/2003年中华人民共和国县级以上行政区划变更列表,,turn362959view2:L208-L224,reviewed_event_workbook
PL-2003-006,2003,宁夏回族自治区,establish,E640500,中卫县,中卫市,2003-12-31,国函〔2003〕139号,false,high,accepted_reviewed,,撤销中卫县，设立地级中卫市，并设沙坡头区，划入中宁县、海原县。,原单位为县级，按用户口径计为新增地级市。,https://zh.wikipedia.org/wiki/2003年中华人民共和国县级以上行政区划变更列表,,Wikipedia 2003 page relevant event,reviewed_event_workbook
PL-2004-001,2004,甘肃省,upgrade,E621200,陇南地区,陇南市,2004-01-11,国函〔2004〕1号,true,high,accepted_reviewed,,撤销陇南地区和武都县，设立地级陇南市及武都区。,地级市数量增加1；全部地级单位净变化0。,https://zh.wikipedia.org/wiki/2004年中华人民共和国县级以上行政区划变更列表,,Wikipedia 2004 page relevant event,reviewed_event_workbook
PL-2007-001,2007,云南省,rename,E530800,思茅市,普洱市,2007-01-21,国函〔2007〕8号,true,high,accepted_reviewed,,思茅市更名为普洱市，翠云区同步更名为思茅区。,实体连续，地级单位净变化0。,https://zh.wikipedia.org/wiki/2007年中华人民共和国县级以上行政区划变更列表,,Wikipedia 2007 page relevant event,reviewed_event_workbook
PL-2010-001,2010,湖北省,rename,E420600,襄樊市,襄阳市,2010-11-26,国函〔2010〕129号,true,high,accepted_reviewed,,年度页“更名”表记录襄樊市更名为襄阳市；同时襄阳区更名为襄州区。,名称和建制层级连续；新增与撤销均按历史名称记录，地级单位净变化为0。,https://zh.wikipedia.org/wiki/2010年中华人民共和国县级以上行政区划变更列表,,turn191560view0:L143-L151,reviewed_event_workbook
PL-2011-001,2011,安徽省,split,E341400,巢湖市,,2011-07-14,国函〔2011〕84号,false,high,accepted_reviewed,split_event,年度页记载撤销地级巢湖市，原辖县区分别划归合肥、芜湖、马鞍山，并设县级巢湖市。,县级巢湖市是新县级单位，不计入地级新增。,https://zh.wikipedia.org/wiki/2011年中华人民共和国县级以上行政区划变更列表,,turn191560view1:L141-L155,reviewed_event_workbook
PL-2011-002,2011,贵州省,upgrade,E520500,毕节地区,毕节市,2011-10-22,国函〔2011〕130号,true,high,accepted_reviewed,,撤销毕节地区，设立地级毕节市；原县级毕节市撤销并设七星关区。,地级市数量增加1；全部地级单位数量净变化0。,https://zh.wikipedia.org/wiki/2011年中华人民共和国县级以上行政区划变更列表,,turn191560view1:L156-L159,reviewed_event_workbook
PL-2011-003,2011,贵州省,upgrade,E520600,铜仁地区,铜仁市,2011-10-22,国函〔2011〕131号,true,high,accepted_reviewed,,撤销铜仁地区，设立地级铜仁市；原县级铜仁市撤销并设碧江区、万山区。,地级市数量增加1；全部地级单位数量净变化0。,https://zh.wikipedia.org/wiki/2011年中华人民共和国县级以上行政区划变更列表,,turn191560view1:L160-L166,reviewed_event_workbook
PL-2012-001,2012,海南省,establish,E460300,西沙群岛、南沙群岛、中沙群岛办事处,三沙市,2012-06-21,民政部公告,false,high,accepted_reviewed,,撤销西沙群岛、南沙群岛、中沙群岛办事处，设立地级三沙市。,原办事处不按地级行政单位计入撤销，因此地级单位净增1。,https://zh.wikipedia.org/wiki/2012年中华人民共和国县级以上行政区划变更列表,,turn389418view0:L160-L165,reviewed_event_workbook
PL-2013-001,2013,青海省,upgrade,E630200,海东地区,海东市,2013-02-08,国函〔2013〕23号,true,high,accepted_reviewed,,撤销海东地区和乐都县，设立地级海东市，并设乐都区。,地级市数量增加1；全部地级单位数量净变化0。,https://zh.wikipedia.org/wiki/2013年中华人民共和国县级以上行政区划变更列表,,turn389418view1:L182-L188,reviewed_event_workbook
PL-2014-001,2014,西藏自治区,upgrade,E540200,日喀则地区,日喀则市,2014-06-26,国函〔2014〕79号,true,high,accepted_reviewed,,撤销日喀则地区和县级日喀则市，设立地级日喀则市，并设桑珠孜区。,同名县级市终止，不计作地级撤销。,https://zh.wikipedia.org/wiki/2014年中华人民共和国县级以上行政区划变更列表,,turn654406view0:L155-L162,reviewed_event_workbook
PL-2015-001,2015,海南省,upgrade,E460400,儋州市,儋州市,2015-02-19,国函〔2015〕41号,true,high,accepted_reviewed,,撤销县级儋州市，设立地级儋州市。,按用户口径视为新增地级市；原县级市终止不计地级撤销。,https://zh.wikipedia.org/wiki/2015年中华人民共和国县级以上行政区划变更列表,,turn138300view1:L189-L194,reviewed_event_workbook
PL-2015-002,2015,西藏自治区,upgrade,E540400,林芝地区,林芝市,2015-03-16,国函〔2015〕51号,true,high,accepted_reviewed,,撤销林芝地区和林芝县，设立地级林芝市，并设巴宜区。,地级市数量增加1；全部地级单位数量净变化0。,https://zh.wikipedia.org/wiki/2015年中华人民共和国县级以上行政区划变更列表,,turn654406view1:L167-L176,reviewed_event_workbook
PL-2015-003,2015,新疆维吾尔自治区,upgrade,E650400,吐鲁番地区,吐鲁番市,2015-03-16,国函〔2015〕52号,true,high,accepted_reviewed,,撤销吐鲁番地区和县级吐鲁番市，设立地级吐鲁番市，并设高昌区。,地级市数量增加1；全部地级单位数量净变化0。,https://zh.wikipedia.org/wiki/2015年中华人民共和国县级以上行政区划变更列表,,turn654406view1:L177-L181,reviewed_event_workbook
PL-2016-001,2016,西藏自治区,upgrade,E540500,山南地区,山南市,2016-01-07,国函〔2016〕8号,true,high,accepted_reviewed,,撤销山南地区和乃东县，设立地级山南市，并设乃东区。,按批准日期归入2016年；地级市数量增加1，全部地级单位净变化0。,https://zh.wikipedia.org/wiki/2016年中华人民共和国县级以上行政区划变更列表,,Wikipedia 2016 page lines 218–228,reviewed_event_workbook
PL-2016-002,2016,新疆维吾尔自治区,upgrade,E650500,哈密地区,哈密市,2016-01-07,国函〔2016〕9号,true,high,accepted_reviewed,,撤销哈密地区和县级哈密市，设立地级哈密市，并设伊州区。,同名县级市终止不计地级撤销。,https://zh.wikipedia.org/wiki/2016年中华人民共和国县级以上行政区划变更列表,,Wikipedia 2016 page lines 229–233,reviewed_event_workbook
PL-2017-001,2017,西藏自治区,upgrade,E540600,那曲地区,那曲市,2017-07-18,国函〔2017〕109号,true,high,accepted_reviewed,,撤销那曲地区和那曲县，设立地级那曲市，并设色尼区；2018年4月公布。,按批准年份归入2017年；公布实施发生于2018年。,https://zh.wikipedia.org/wiki/2017年中华人民共和国县级以上行政区划变更列表,,Wikipedia 2017 page ‘其它’ section,reviewed_event_workbook
PL-2018-001,2018,山东省,merge,E371200,莱芜市,济南市,2018-12-26,国函〔2018〕163号,false,high,accepted_reviewed,merge_event|publication_year_differs,撤销地级莱芜市，将其所辖区域划归济南市；2019年1月公布。,按批准年份归入2018年；济南市为既存地级市，不计新增。,https://zh.wikipedia.org/wiki/2019年中华人民共和国县级以上行政区划变更列表,,Wikipedia 2019 page lines 168–173,reviewed_event_workbook
