alias,entity_id,alias_type,start_year,end_year,level,source_id,review_status,rule_version
北京,CNUR-000001,suffix_omitted,2000,2024,prefecture,SRC-LEGACY-SNAPSHOT,generated_reviewed,2026.07.1
天津,CNUR-000002,suffix_omitted,2000,2024,prefecture,SRC-LEGACY-SNAPSHOT,generated_reviewed,2026.07.1
石家庄,CNUR-000003,suffix_omitted,2000,2024,prefecture,SRC-LEGACY-SNAPSHOT,generated_reviewed,2026.07.1
唐山,CNUR-000004,suffix_omitted,2000,2024,prefecture,SRC-LEGACY-SNAPSHOT,generated_reviewed,2026.07.1
秦皇岛,CNUR-000005,suffix_omitted,2000,2024,prefecture,SRC-LEGACY-SNAPSHOT,generated_reviewed,2026.07.1
邯郸,CNUR-000006,suffix_omitted,2000,2024,prefecture,SRC-LEGACY-SNAPSHOT,generated_reviewed,2026.07.1
邢台,CNUR-000007,suffix_omitted,2000,2024,prefecture,SRC-LEGACY-SNAPSHOT,generated_reviewed,2026.07.1
保定,CNUR-000008,suffix_omitted,2000,2024,prefecture,SRC-LEGACY-SNAPSHOT,generated_reviewed,2026.07.1
张家口,CNUR-000009,suffix_omitted,2000,2024,prefecture,SRC-LEGACY-SNAPSHOT,generated_reviewed,2026.07.1
承德,CNUR-000010,suffix_omitted,2000,2024,prefecture,SRC-LEGACY-SNAPSHOT,generated_reviewed,2026.07.1
沧州,CNUR-000011,suffix_omitted,2000,2024,prefecture,SRC-LEGACY-SNAPSHOT,generated_reviewed,2026.07.1
廊坊,CNUR-000012,suffix_omitted,2000,2024,prefecture,SRC-LEGACY-SNAPSHOT,generated_reviewed,2026.07.1
衡水,CNUR-000013,suffix_omitted,2000,2024,prefecture,SRC-LEGACY-SNAPSHOT,generated_reviewed,2026.07.1
太原,CNUR-000014,suffix_omitted,2000,2024,prefecture,SRC-LEGACY-SNAPSHOT,generated_reviewed,2026.07.1
大同,CNUR-000015,suffix_omitted,2000,2024,prefecture,SRC-LEGACY-SNAPSHOT,generated_reviewed,2026.07.1
阳泉,CNUR-000016,suffix_omitted,2000,2024,prefecture,SRC-LEGACY-SNAPSHOT,generated_reviewed,2026.07.1
长治,CNUR-000017,suffix_omitted,2000,2024,prefecture,SRC-LEGACY-SNAPSHOT,generated_reviewed,2026.07.1
晋城,CNUR-000018,suffix_omitted,2000,2024,prefecture,SRC-LEGACY-SNAPSHOT,generated_reviewed,2026.07.1
朔州,CNUR-000019,suffix_omitted,2000,2024,prefecture,SRC-LEGACY-SNAPSHOT,generated_reviewed,2026.07.1
晋中,CNUR-000020,suffix_omitted,2000,2024,prefecture,SRC-LEGACY-SNAPSHOT,generated_reviewed,2026.07.1
运城,CNUR-000021,suffix_omitted,2000,2024,prefecture,SRC-LEGACY-SNAPSHOT,generated_reviewed,2026.07.1
忻州,CNUR-000022,suffix_omitted,2000,2024,prefecture,SRC-LEGACY-SNAPSHOT,generated_reviewed,2026.07.1
临汾,CNUR-000023,suffix_omitted,2000,2024,prefecture,SRC-LEGACY-SNAPSHOT,generated_reviewed,2026.07.1
吕梁,CNUR-000024,suffix_omitted,2000,2002,prefecture,SRC-LEGACY-SNAPSHOT,generated_reviewed,2026.07.1
吕梁,CNUR-000024,suffix_omitted,2003,2024,prefecture,SRC-LEGACY-SNAPSHOT,generated_reviewed,2026.07.1
呼和浩特,CNUR-000025,suffix_omitted,2000,2024,prefecture,SRC-LEGACY-SNAPSHOT,generated_reviewed,2026.07.1
包头,CNUR-000026,suffix_omitted,2000,2024,prefecture,SRC-LEGACY-SNAPSHOT,generated_reviewed,2026.07.1
乌海,CNUR-000027,suffix_omitted,2000,2024,prefecture,SRC-LEGACY-SNAPSHOT,generated_reviewed,2026.07.1
赤峰,CNUR-000028,suffix_omitted,2000,2024,prefecture,SRC-LEGACY-SNAPSHOT,generated_reviewed,2026.07.1
通辽,CNUR-000029,suffix_omitted,2000,2024,prefecture,SRC-LEGACY-SNAPSHOT,generated_reviewed,2026.07.1
伊克昭,CNUR-000030,suffix_omitted,2000,2000,prefecture,SRC-LEGACY-SNAPSHOT,generated_reviewed,2026.07.1
鄂尔多斯,CNUR-000030,suffix_omitted,2001,2024,prefecture,SRC-LEGACY-SNAPSHOT,generated_reviewed,2026.07.1
呼伦贝尔,CNUR-000031,suffix_omitted,2000,2000,prefecture,SRC-LEGACY-SNAPSHOT,generated_reviewed,2026.07.1
呼伦贝尔,CNUR-000031,suffix_omitted,2001,2024,prefecture,SRC-LEGACY-SNAPSHOT,generated_reviewed,2026.07.1
巴彦淖尔,CNUR-000032,suffix_omitted,2000,2002,prefecture,SRC-LEGACY-SNAPSHOT,generated_reviewed,2026.07.1
巴彦淖尔,CNUR-000032,suffix_omitted,2003,2024,prefecture,SRC-LEGACY-SNAPSHOT,generated_reviewed,2026.07.1
乌兰察布,CNUR-000033,suffix_omitted,2000,2002,prefecture,SRC-LEGACY-SNAPSHOT,generated_reviewed,2026.07.1
乌兰察布,CNUR-000033,suffix_omitted,2003,2024,prefecture,SRC-LEGACY-SNAPSHOT,generated_reviewed,2026.07.1
兴安,CNUR-000034,suffix_omitted,2000,2024,prefecture,SRC-LEGACY-SNAPSHOT,generated_reviewed,2026.07.1
锡林郭勒,CNUR-000035,suffix_omitted,2000,2024,prefecture,SRC-LEGACY-SNAPSHOT,generated_reviewed,2026.07.1
阿拉善,CNUR-000036,suffix_omitted,2000,2024,prefecture,SRC-LEGACY-SNAPSHOT,generated_reviewed,2026.07.1
沈阳,CNUR-000037,suffix_omitted,2000,2024,prefecture,SRC-LEGACY-SNAPSHOT,generated_reviewed,2026.07.1
大连,CNUR-000038,suffix_omitted,2000,2024,prefecture,SRC-LEGACY-SNAPSHOT,generated_reviewed,2026.07.1
鞍山,CNUR-000039,suffix_omitted,2000,2024,prefecture,SRC-LEGACY-SNAPSHOT,generated_reviewed,2026.07.1
抚顺,CNUR-000040,suffix_omitted,2000,2024,prefecture,SRC-LEGACY-SNAPSHOT,generated_reviewed,2026.07.1
本溪,CNUR-000041,suffix_omitted,2000,2024,prefecture,SRC-LEGACY-SNAPSHOT,generated_reviewed,2026.07.1
丹东,CNUR-000042,suffix_omitted,2000,2024,prefecture,SRC-LEGACY-SNAPSHOT,generated_reviewed,2026.07.1
锦州,CNUR-000043,suffix_omitted,2000,2024,prefecture,SRC-LEGACY-SNAPSHOT,generated_reviewed,2026.07.1
营口,CNUR-000044,suffix_omitted,2000,2024,prefecture,SRC-LEGACY-SNAPSHOT,generated_reviewed,2026.07.1
阜新,CNUR-000045,suffix_omitted,2000,2024,prefecture,SRC-LEGACY-SNAPSHOT,generated_reviewed,2026.07.1
辽阳,CNUR-000046,suffix_omitted,2000,2024,prefecture,SRC-LEGACY-SNAPSHOT,generated_reviewed,2026.07.1
盘锦,CNUR-000047,suffix_omitted,2000,2024,prefecture,SRC-LEGACY-SNAPSHOT,generated_reviewed,2026.07.1
铁岭,CNUR-000048,suffix_omitted,2000,2024,prefecture,SRC-LEGACY-SNAPSHOT,generated_reviewed,2026.07.1
朝阳,CNUR-000049,suffix_omitted,2000,2024,prefecture,SRC-LEGACY-SNAPSHOT,generated_reviewed,2026.07.1
葫芦岛,CNUR-000050,suffix_omitted,2000,2024,prefecture,SRC-LEGACY-SNAPSHOT,generated_reviewed,2026.07.1
长春,CNUR-000051,suffix_omitted,2000,2024,prefecture,SRC-LEGACY-SNAPSHOT,generated_reviewed,2026.07.1
吉林,CNUR-000052,suffix_omitted,2000,2024,prefecture,SRC-LEGACY-SNAPSHOT,generated_reviewed,2026.07.1
四平,CNUR-000053,suffix_omitted,2000,2024,prefecture,SRC-LEGACY-SNAPSHOT,generated_reviewed,2026.07.1
辽源,CNUR-000054,suffix_omitted,2000,2024,prefecture,SRC-LEGACY-SNAPSHOT,generated_reviewed,2026.07.1
通化,CNUR-000055,suffix_omitted,2000,2024,prefecture,SRC-LEGACY-SNAPSHOT,generated_reviewed,2026.07.1
白山,CNUR-000056,suffix_omitted,2000,2024,prefecture,SRC-LEGACY-SNAPSHOT,generated_reviewed,2026.07.1
松原,CNUR-000057,suffix_omitted,2000,2024,prefecture,SRC-LEGACY-SNAPSHOT,generated_reviewed,2026.07.1
白城,CNUR-000058,suffix_omitted,2000,2024,prefecture,SRC-LEGACY-SNAPSHOT,generated_reviewed,2026.07.1
延边朝鲜族,CNUR-000059,suffix_omitted,2000,2024,prefecture,SRC-LEGACY-SNAPSHOT,generated_reviewed,2026.07.1
哈尔滨,CNUR-000060,suffix_omitted,2000,2024,prefecture,SRC-LEGACY-SNAPSHOT,generated_reviewed,2026.07.1
齐齐哈尔,CNUR-000061,suffix_omitted,2000,2024,prefecture,SRC-LEGACY-SNAPSHOT,generated_reviewed,2026.07.1
鸡西,CNUR-000062,suffix_omitted,2000,2024,prefecture,SRC-LEGACY-SNAPSHOT,generated_reviewed,2026.07.1
鹤岗,CNUR-000063,suffix_omitted,2000,2024,prefecture,SRC-LEGACY-SNAPSHOT,generated_reviewed,2026.07.1
双鸭山,CNUR-000064,suffix_omitted,2000,2024,prefecture,SRC-LEGACY-SNAPSHOT,generated_reviewed,2026.07.1
大庆,CNUR-000065,suffix_omitted,2000,2024,prefecture,SRC-LEGACY-SNAPSHOT,generated_reviewed,2026.07.1
伊春,CNUR-000066,suffix_omitted,2000,2024,prefecture,SRC-LEGACY-SNAPSHOT,generated_reviewed,2026.07.1
佳木斯,CNUR-000067,suffix_omitted,2000,2024,prefecture,SRC-LEGACY-SNAPSHOT,generated_reviewed,2026.07.1
七台河,CNUR-000068,suffix_omitted,2000,2024,prefecture,SRC-LEGACY-SNAPSHOT,generated_reviewed,2026.07.1
牡丹江,CNUR-000069,suffix_omitted,2000,2024,prefecture,SRC-LEGACY-SNAPSHOT,generated_reviewed,2026.07.1
黑河,CNUR-000070,suffix_omitted,2000,2024,prefecture,SRC-LEGACY-SNAPSHOT,generated_reviewed,2026.07.1
绥化,CNUR-000071,suffix_omitted,2000,2024,prefecture,SRC-LEGACY-SNAPSHOT,generated_reviewed,2026.07.1
大兴安岭,CNUR-000072,suffix_omitted,2000,2024,prefecture,SRC-LEGACY-SNAPSHOT,generated_reviewed,2026.07.1
上海,CNUR-000073,suffix_omitted,2000,2024,prefecture,SRC-LEGACY-SNAPSHOT,generated_reviewed,2026.07.1
南京,CNUR-000074,suffix_omitted,2000,2024,prefecture,SRC-LEGACY-SNAPSHOT,generated_reviewed,2026.07.1
无锡,CNUR-000075,suffix_omitted,2000,2024,prefecture,SRC-LEGACY-SNAPSHOT,generated_reviewed,2026.07.1
徐州,CNUR-000076,suffix_omitted,2000,2024,prefecture,SRC-LEGACY-SNAPSHOT,generated_reviewed,2026.07.1
常州,CNUR-000077,suffix_omitted,2000,2024,prefecture,SRC-LEGACY-SNAPSHOT,generated_reviewed,2026.07.1
苏州,CNUR-000078,suffix_omitted,2000,2024,prefecture,SRC-LEGACY-SNAPSHOT,generated_reviewed,2026.07.1
南通,CNUR-000079,suffix_omitted,2000,2024,prefecture,SRC-LEGACY-SNAPSHOT,generated_reviewed,2026.07.1
连云港,CNUR-000080,suffix_omitted,2000,2024,prefecture,SRC-LEGACY-SNAPSHOT,generated_reviewed,2026.07.1
淮安,CNUR-000081,suffix_omitted,2000,2024,prefecture,SRC-LEGACY-SNAPSHOT,generated_reviewed,2026.07.1
盐城,CNUR-000082,suffix_omitted,2000,2024,prefecture,SRC-LEGACY-SNAPSHOT,generated_reviewed,2026.07.1
扬州,CNUR-000083,suffix_omitted,2000,2024,prefecture,SRC-LEGACY-SNAPSHOT,generated_reviewed,2026.07.1
镇江,CNUR-000084,suffix_omitted,2000,2024,prefecture,SRC-LEGACY-SNAPSHOT,generated_reviewed,2026.07.1
泰州,CNUR-000085,suffix_omitted,2000,2024,prefecture,SRC-LEGACY-SNAPSHOT,generated_reviewed,2026.07.1
宿迁,CNUR-000086,suffix_omitted,2000,2024,prefecture,SRC-LEGACY-SNAPSHOT,generated_reviewed,2026.07.1
杭州,CNUR-000087,suffix_omitted,2000,2024,prefecture,SRC-LEGACY-SNAPSHOT,generated_reviewed,2026.07.1
宁波,CNUR-000088,suffix_omitted,2000,2024,prefecture,SRC-LEGACY-SNAPSHOT,generated_reviewed,2026.07.1
温州,CNUR-000089,suffix_omitted,2000,2024,prefecture,SRC-LEGACY-SNAPSHOT,generated_reviewed,2026.07.1
嘉兴,CNUR-000090,suffix_omitted,2000,2024,prefecture,SRC-LEGACY-SNAPSHOT,generated_reviewed,2026.07.1
湖州,CNUR-000091,suffix_omitted,2000,2024,prefecture,SRC-LEGACY-SNAPSHOT,generated_reviewed,2026.07.1
绍兴,CNUR-000092,suffix_omitted,2000,2024,prefecture,SRC-LEGACY-SNAPSHOT,generated_reviewed,2026.07.1
金华,CNUR-000093,suffix_omitted,2000,2024,prefecture,SRC-LEGACY-SNAPSHOT,generated_reviewed,2026.07.1
衢州,CNUR-000094,suffix_omitted,2000,2024,prefecture,SRC-LEGACY-SNAPSHOT,generated_reviewed,2026.07.1
舟山,CNUR-000095,suffix_omitted,2000,2024,prefecture,SRC-LEGACY-SNAPSHOT,generated_reviewed,2026.07.1
台州,CNUR-000096,suffix_omitted,2000,2024,prefecture,SRC-LEGACY-SNAPSHOT,generated_reviewed,2026.07.1
丽水,CNUR-000097,suffix_omitted,2000,2024,prefecture,SRC-LEGACY-SNAPSHOT,generated_reviewed,2026.07.1
合肥,CNUR-000098,suffix_omitted,2000,2024,prefecture,SRC-LEGACY-SNAPSHOT,generated_reviewed,2026.07.1
芜湖,CNUR-000099,suffix_omitted,2000,2024,prefecture,SRC-LEGACY-SNAPSHOT,generated_reviewed,2026.07.1
蚌埠,CNUR-000100,suffix_omitted,2000,2024,prefecture,SRC-LEGACY-SNAPSHOT,generated_reviewed,2026.07.1
淮南,CNUR-000101,suffix_omitted,2000,2024,prefecture,SRC-LEGACY-SNAPSHOT,generated_reviewed,2026.07.1
马鞍山,CNUR-000102,suffix_omitted,2000,2024,prefecture,SRC-LEGACY-SNAPSHOT,generated_reviewed,2026.07.1
淮北,CNUR-000103,suffix_omitted,2000,2024,prefecture,SRC-LEGACY-SNAPSHOT,generated_reviewed,2026.07.1
铜陵,CNUR-000104,suffix_omitted,2000,2024,prefecture,SRC-LEGACY-SNAPSHOT,generated_reviewed,2026.07.1
安庆,CNUR-000105,suffix_omitted,2000,2024,prefecture,SRC-LEGACY-SNAPSHOT,generated_reviewed,2026.07.1
黄山,CNUR-000106,suffix_omitted,2000,2024,prefecture,SRC-LEGACY-SNAPSHOT,generated_reviewed,2026.07.1
滁州,CNUR-000107,suffix_omitted,2000,2024,prefecture,SRC-LEGACY-SNAPSHOT,generated_reviewed,2026.07.1
阜阳,CNUR-000108,suffix_omitted,2000,2024,prefecture,SRC-LEGACY-SNAPSHOT,generated_reviewed,2026.07.1
宿州,CNUR-000109,suffix_omitted,2000,2024,prefecture,SRC-LEGACY-SNAPSHOT,generated_reviewed,2026.07.1
巢湖,CNUR-000110,suffix_omitted,2000,2010,prefecture,SRC-WIKI-2011,generated_reviewed,2026.07.1
六安,CNUR-000111,suffix_omitted,2000,2024,prefecture,SRC-LEGACY-SNAPSHOT,generated_reviewed,2026.07.1
亳州,CNUR-000112,manual_alias,2000,2024,prefecture,SRC-LEGACY-SNAPSHOT,reviewed,2026.07.1
池州,CNUR-000113,suffix_omitted,2000,2024,prefecture,SRC-LEGACY-SNAPSHOT,generated_reviewed,2026.07.1
宣城,CNUR-000114,suffix_omitted,2000,2024,prefecture,SRC-LEGACY-SNAPSHOT,generated_reviewed,2026.07.1
福州,CNUR-000115,suffix_omitted,2000,2024,prefecture,SRC-LEGACY-SNAPSHOT,generated_reviewed,2026.07.1
厦门,CNUR-000116,suffix_omitted,2000,2024,prefecture,SRC-LEGACY-SNAPSHOT,generated_reviewed,2026.07.1
莆田,CNUR-000117,suffix_omitted,2000,2024,prefecture,SRC-LEGACY-SNAPSHOT,generated_reviewed,2026.07.1
三明,CNUR-000118,suffix_omitted,2000,2024,prefecture,SRC-LEGACY-SNAPSHOT,generated_reviewed,2026.07.1
泉州,CNUR-000119,suffix_omitted,2000,2024,prefecture,SRC-LEGACY-SNAPSHOT,generated_reviewed,2026.07.1
漳州,CNUR-000120,suffix_omitted,2000,2024,prefecture,SRC-LEGACY-SNAPSHOT,generated_reviewed,2026.07.1
南平,CNUR-000121,suffix_omitted,2000,2024,prefecture,SRC-LEGACY-SNAPSHOT,generated_reviewed,2026.07.1
龙岩,CNUR-000122,suffix_omitted,2000,2024,prefecture,SRC-LEGACY-SNAPSHOT,generated_reviewed,2026.07.1
宁德,CNUR-000123,suffix_omitted,2000,2024,prefecture,SRC-LEGACY-SNAPSHOT,generated_reviewed,2026.07.1
南昌,CNUR-000124,suffix_omitted,2000,2024,prefecture,SRC-LEGACY-SNAPSHOT,generated_reviewed,2026.07.1
景德镇,CNUR-000125,suffix_omitted,2000,2024,prefecture,SRC-LEGACY-SNAPSHOT,generated_reviewed,2026.07.1
萍乡,CNUR-000126,suffix_omitted,2000,2024,prefecture,SRC-LEGACY-SNAPSHOT,generated_reviewed,2026.07.1
九江,CNUR-000127,suffix_omitted,2000,2024,prefecture,SRC-LEGACY-SNAPSHOT,generated_reviewed,2026.07.1
新余,CNUR-000128,suffix_omitted,2000,2024,prefecture,SRC-LEGACY-SNAPSHOT,generated_reviewed,2026.07.1
鹰潭,CNUR-000129,suffix_omitted,2000,2024,prefecture,SRC-LEGACY-SNAPSHOT,generated_reviewed,2026.07.1
赣州,CNUR-000130,suffix_omitted,2000,2024,prefecture,SRC-LEGACY-SNAPSHOT,generated_reviewed,2026.07.1
吉安,CNUR-000131,suffix_omitted,2000,2024,prefecture,SRC-LEGACY-SNAPSHOT,generated_reviewed,2026.07.1
宜春,CNUR-000132,suffix_omitted,2000,2024,prefecture,SRC-LEGACY-SNAPSHOT,generated_reviewed,2026.07.1
抚州,CNUR-000133,suffix_omitted,2000,2024,prefecture,SRC-LEGACY-SNAPSHOT,generated_reviewed,2026.07.1
上饶,CNUR-000134,suffix_omitted,2000,2024,prefecture,SRC-LEGACY-SNAPSHOT,generated_reviewed,2026.07.1
济南,CNUR-000135,suffix_omitted,2000,2024,prefecture,SRC-LEGACY-SNAPSHOT,generated_reviewed,2026.07.1
青岛,CNUR-000136,suffix_omitted,2000,2024,prefecture,SRC-LEGACY-SNAPSHOT,generated_reviewed,2026.07.1
淄博,CNUR-000137,suffix_omitted,2000,2024,prefecture,SRC-LEGACY-SNAPSHOT,generated_reviewed,2026.07.1
枣庄,CNUR-000138,suffix_omitted,2000,2024,prefecture,SRC-LEGACY-SNAPSHOT,generated_reviewed,2026.07.1
东营,CNUR-000139,suffix_omitted,2000,2024,prefecture,SRC-LEGACY-SNAPSHOT,generated_reviewed,2026.07.1
烟台,CNUR-000140,suffix_omitted,2000,2024,prefecture,SRC-LEGACY-SNAPSHOT,generated_reviewed,2026.07.1
潍坊,CNUR-000141,suffix_omitted,2000,2024,prefecture,SRC-LEGACY-SNAPSHOT,generated_reviewed,2026.07.1
济宁,CNUR-000142,suffix_omitted,2000,2024,prefecture,SRC-LEGACY-SNAPSHOT,generated_reviewed,2026.07.1
泰安,CNUR-000143,suffix_omitted,2000,2024,prefecture,SRC-LEGACY-SNAPSHOT,generated_reviewed,2026.07.1
威海,CNUR-000144,suffix_omitted,2000,2024,prefecture,SRC-LEGACY-SNAPSHOT,generated_reviewed,2026.07.1
日照,CNUR-000145,suffix_omitted,2000,2024,prefecture,SRC-LEGACY-SNAPSHOT,generated_reviewed,2026.07.1
莱芜,CNUR-000146,suffix_omitted,2000,2018,prefecture,SRC-WIKI-2019,generated_reviewed,2026.07.1
临沂,CNUR-000147,suffix_omitted,2000,2024,prefecture,SRC-LEGACY-SNAPSHOT,generated_reviewed,2026.07.1
德州,CNUR-000148,suffix_omitted,2000,2024,prefecture,SRC-LEGACY-SNAPSHOT,generated_reviewed,2026.07.1
聊城,CNUR-000149,suffix_omitted,2000,2024,prefecture,SRC-LEGACY-SNAPSHOT,generated_reviewed,2026.07.1
滨州,CNUR-000150,suffix_omitted,2000,2024,prefecture,SRC-LEGACY-SNAPSHOT,generated_reviewed,2026.07.1
菏泽,CNUR-000151,suffix_omitted,2000,2024,prefecture,SRC-LEGACY-SNAPSHOT,generated_reviewed,2026.07.1
郑州,CNUR-000152,suffix_omitted,2000,2024,prefecture,SRC-LEGACY-SNAPSHOT,generated_reviewed,2026.07.1
开封,CNUR-000153,suffix_omitted,2000,2024,prefecture,SRC-LEGACY-SNAPSHOT,generated_reviewed,2026.07.1
洛阳,CNUR-000154,suffix_omitted,2000,2024,prefecture,SRC-LEGACY-SNAPSHOT,generated_reviewed,2026.07.1
平顶山,CNUR-000155,suffix_omitted,2000,2024,prefecture,SRC-LEGACY-SNAPSHOT,generated_reviewed,2026.07.1
安阳,CNUR-000156,suffix_omitted,2000,2024,prefecture,SRC-LEGACY-SNAPSHOT,generated_reviewed,2026.07.1
鹤壁,CNUR-000157,suffix_omitted,2000,2024,prefecture,SRC-LEGACY-SNAPSHOT,generated_reviewed,2026.07.1
新乡,CNUR-000158,suffix_omitted,2000,2024,prefecture,SRC-LEGACY-SNAPSHOT,generated_reviewed,2026.07.1
焦作,CNUR-000159,suffix_omitted,2000,2024,prefecture,SRC-LEGACY-SNAPSHOT,generated_reviewed,2026.07.1
濮阳,CNUR-000160,suffix_omitted,2000,2024,prefecture,SRC-LEGACY-SNAPSHOT,generated_reviewed,2026.07.1
许昌,CNUR-000161,suffix_omitted,2000,2024,prefecture,SRC-LEGACY-SNAPSHOT,generated_reviewed,2026.07.1
漯河,CNUR-000162,suffix_omitted,2000,2024,prefecture,SRC-LEGACY-SNAPSHOT,generated_reviewed,2026.07.1
三门峡,CNUR-000163,suffix_omitted,2000,2024,prefecture,SRC-LEGACY-SNAPSHOT,generated_reviewed,2026.07.1
南阳,CNUR-000164,suffix_omitted,2000,2024,prefecture,SRC-LEGACY-SNAPSHOT,generated_reviewed,2026.07.1
商丘,CNUR-000165,suffix_omitted,2000,2024,prefecture,SRC-LEGACY-SNAPSHOT,generated_reviewed,2026.07.1
信阳,CNUR-000166,suffix_omitted,2000,2024,prefecture,SRC-LEGACY-SNAPSHOT,generated_reviewed,2026.07.1
周口,CNUR-000167,suffix_omitted,2000,2024,prefecture,SRC-LEGACY-SNAPSHOT,generated_reviewed,2026.07.1
驻马店,CNUR-000168,suffix_omitted,2000,2024,prefecture,SRC-LEGACY-SNAPSHOT,generated_reviewed,2026.07.1
武汉,CNUR-000169,suffix_omitted,2000,2024,prefecture,SRC-LEGACY-SNAPSHOT,generated_reviewed,2026.07.1
黄石,CNUR-000170,suffix_omitted,2000,2024,prefecture,SRC-LEGACY-SNAPSHOT,generated_reviewed,2026.07.1
十堰,CNUR-000171,suffix_omitted,2000,2024,prefecture,SRC-LEGACY-SNAPSHOT,generated_reviewed,2026.07.1
宜昌,CNUR-000172,suffix_omitted,2000,2024,prefecture,SRC-LEGACY-SNAPSHOT,generated_reviewed,2026.07.1
襄樊,CNUR-000173,suffix_omitted,2000,2009,prefecture,SRC-LEGACY-SNAPSHOT,generated_reviewed,2026.07.1
襄阳,CNUR-000173,suffix_omitted,2010,2024,prefecture,SRC-LEGACY-SNAPSHOT,generated_reviewed,2026.07.1
鄂州,CNUR-000174,suffix_omitted,2000,2024,prefecture,SRC-LEGACY-SNAPSHOT,generated_reviewed,2026.07.1
荆门,CNUR-000175,suffix_omitted,2000,2024,prefecture,SRC-LEGACY-SNAPSHOT,generated_reviewed,2026.07.1
孝感,CNUR-000176,suffix_omitted,2000,2024,prefecture,SRC-LEGACY-SNAPSHOT,generated_reviewed,2026.07.1
荆州,CNUR-000177,suffix_omitted,2000,2024,prefecture,SRC-LEGACY-SNAPSHOT,generated_reviewed,2026.07.1
黄冈,CNUR-000178,suffix_omitted,2000,2024,prefecture,SRC-LEGACY-SNAPSHOT,generated_reviewed,2026.07.1
咸宁,CNUR-000179,suffix_omitted,2000,2024,prefecture,SRC-LEGACY-SNAPSHOT,generated_reviewed,2026.07.1
随州,CNUR-000180,suffix_omitted,2000,2024,prefecture,SRC-LEGACY-SNAPSHOT,generated_reviewed,2026.07.1
恩施土家族苗族,CNUR-000181,suffix_omitted,2000,2024,prefecture,SRC-LEGACY-SNAPSHOT,generated_reviewed,2026.07.1
恩施州,CNUR-000181,common_abbreviation,2000,2024,prefecture,SRC-LEGACY-SNAPSHOT,reviewed,2026.07.1
长沙,CNUR-000182,suffix_omitted,2000,2024,prefecture,SRC-LEGACY-SNAPSHOT,generated_reviewed,2026.07.1
株洲,CNUR-000183,suffix_omitted,2000,2024,prefecture,SRC-LEGACY-SNAPSHOT,generated_reviewed,2026.07.1
湘潭,CNUR-000184,suffix_omitted,2000,2024,prefecture,SRC-LEGACY-SNAPSHOT,generated_reviewed,2026.07.1
衡阳,CNUR-000185,suffix_omitted,2000,2024,prefecture,SRC-LEGACY-SNAPSHOT,generated_reviewed,2026.07.1
邵阳,CNUR-000186,suffix_omitted,2000,2024,prefecture,SRC-LEGACY-SNAPSHOT,generated_reviewed,2026.07.1
岳阳,CNUR-000187,suffix_omitted,2000,2024,prefecture,SRC-LEGACY-SNAPSHOT,generated_reviewed,2026.07.1
常德,CNUR-000188,suffix_omitted,2000,2024,prefecture,SRC-LEGACY-SNAPSHOT,generated_reviewed,2026.07.1
张家界,CNUR-000189,suffix_omitted,2000,2024,prefecture,SRC-LEGACY-SNAPSHOT,generated_reviewed,2026.07.1
益阳,CNUR-000190,suffix_omitted,2000,2024,prefecture,SRC-LEGACY-SNAPSHOT,generated_reviewed,2026.07.1
郴州,CNUR-000191,suffix_omitted,2000,2024,prefecture,SRC-LEGACY-SNAPSHOT,generated_reviewed,2026.07.1
永州,CNUR-000192,suffix_omitted,2000,2024,prefecture,SRC-LEGACY-SNAPSHOT,generated_reviewed,2026.07.1
怀化,CNUR-000193,suffix_omitted,2000,2024,prefecture,SRC-LEGACY-SNAPSHOT,generated_reviewed,2026.07.1
娄底,CNUR-000194,suffix_omitted,2000,2024,prefecture,SRC-LEGACY-SNAPSHOT,generated_reviewed,2026.07.1
湘西土家族苗族,CNUR-000195,suffix_omitted,2000,2024,prefecture,SRC-LEGACY-SNAPSHOT,generated_reviewed,2026.07.1
湘西州,CNUR-000195,common_abbreviation,2000,2024,prefecture,SRC-LEGACY-SNAPSHOT,reviewed,2026.07.1
广州,CNUR-000196,suffix_omitted,2000,2024,prefecture,SRC-LEGACY-SNAPSHOT,generated_reviewed,2026.07.1
韶关,CNUR-000197,suffix_omitted,2000,2024,prefecture,SRC-LEGACY-SNAPSHOT,generated_reviewed,2026.07.1
深圳,CNUR-000198,suffix_omitted,2000,2024,prefecture,SRC-LEGACY-SNAPSHOT,generated_reviewed,2026.07.1
珠海,CNUR-000199,suffix_omitted,2000,2024,prefecture,SRC-LEGACY-SNAPSHOT,generated_reviewed,2026.07.1
汕头,CNUR-000200,suffix_omitted,2000,2024,prefecture,SRC-LEGACY-SNAPSHOT,generated_reviewed,2026.07.1
佛山,CNUR-000201,suffix_omitted,2000,2024,prefecture,SRC-LEGACY-SNAPSHOT,generated_reviewed,2026.07.1
江门,CNUR-000202,suffix_omitted,2000,2024,prefecture,SRC-LEGACY-SNAPSHOT,generated_reviewed,2026.07.1
湛江,CNUR-000203,suffix_omitted,2000,2024,prefecture,SRC-LEGACY-SNAPSHOT,generated_reviewed,2026.07.1
茂名,CNUR-000204,suffix_omitted,2000,2024,prefecture,SRC-LEGACY-SNAPSHOT,generated_reviewed,2026.07.1
肇庆,CNUR-000205,suffix_omitted,2000,2024,prefecture,SRC-LEGACY-SNAPSHOT,generated_reviewed,2026.07.1
惠州,CNUR-000206,suffix_omitted,2000,2024,prefecture,SRC-LEGACY-SNAPSHOT,generated_reviewed,2026.07.1
梅州,CNUR-000207,suffix_omitted,2000,2024,prefecture,SRC-LEGACY-SNAPSHOT,generated_reviewed,2026.07.1
汕尾,CNUR-000208,suffix_omitted,2000,2024,prefecture,SRC-LEGACY-SNAPSHOT,generated_reviewed,2026.07.1
河源,CNUR-000209,suffix_omitted,2000,2024,prefecture,SRC-LEGACY-SNAPSHOT,generated_reviewed,2026.07.1
阳江,CNUR-000210,suffix_omitted,2000,2024,prefecture,SRC-LEGACY-SNAPSHOT,generated_reviewed,2026.07.1
清远,CNUR-000211,suffix_omitted,2000,2024,prefecture,SRC-LEGACY-SNAPSHOT,generated_reviewed,2026.07.1
东莞,CNUR-000212,suffix_omitted,2000,2024,prefecture,SRC-LEGACY-SNAPSHOT,generated_reviewed,2026.07.1
中山,CNUR-000213,suffix_omitted,2000,2024,prefecture,SRC-LEGACY-SNAPSHOT,generated_reviewed,2026.07.1
潮州,CNUR-000214,suffix_omitted,2000,2024,prefecture,SRC-LEGACY-SNAPSHOT,generated_reviewed,2026.07.1
揭阳,CNUR-000215,suffix_omitted,2000,2024,prefecture,SRC-LEGACY-SNAPSHOT,generated_reviewed,2026.07.1
云浮,CNUR-000216,suffix_omitted,2000,2024,prefecture,SRC-LEGACY-SNAPSHOT,generated_reviewed,2026.07.1
南宁,CNUR-000217,suffix_omitted,2000,2024,prefecture,SRC-LEGACY-SNAPSHOT,generated_reviewed,2026.07.1
柳州,CNUR-000218,suffix_omitted,2000,2024,prefecture,SRC-LEGACY-SNAPSHOT,generated_reviewed,2026.07.1
桂林,CNUR-000219,suffix_omitted,2000,2024,prefecture,SRC-LEGACY-SNAPSHOT,generated_reviewed,2026.07.1
梧州,CNUR-000220,suffix_omitted,2000,2024,prefecture,SRC-LEGACY-SNAPSHOT,generated_reviewed,2026.07.1
北海,CNUR-000221,suffix_omitted,2000,2024,prefecture,SRC-LEGACY-SNAPSHOT,generated_reviewed,2026.07.1
防城港,CNUR-000222,suffix_omitted,2000,2024,prefecture,SRC-LEGACY-SNAPSHOT,generated_reviewed,2026.07.1
钦州,CNUR-000223,suffix_omitted,2000,2024,prefecture,SRC-LEGACY-SNAPSHOT,generated_reviewed,2026.07.1
贵港,CNUR-000224,suffix_omitted,2000,2024,prefecture,SRC-LEGACY-SNAPSHOT,generated_reviewed,2026.07.1
玉林,CNUR-000225,suffix_omitted,2000,2024,prefecture,SRC-LEGACY-SNAPSHOT,generated_reviewed,2026.07.1
百色,CNUR-000226,suffix_omitted,2000,2001,prefecture,SRC-LEGACY-SNAPSHOT,generated_reviewed,2026.07.1
百色,CNUR-000226,suffix_omitted,2002,2024,prefecture,SRC-LEGACY-SNAPSHOT,generated_reviewed,2026.07.1
贺州,CNUR-000227,suffix_omitted,2000,2001,prefecture,SRC-LEGACY-SNAPSHOT,generated_reviewed,2026.07.1
贺州,CNUR-000227,suffix_omitted,2002,2024,prefecture,SRC-LEGACY-SNAPSHOT,generated_reviewed,2026.07.1
河池,CNUR-000228,suffix_omitted,2000,2001,prefecture,SRC-LEGACY-SNAPSHOT,generated_reviewed,2026.07.1
河池,CNUR-000228,suffix_omitted,2002,2024,prefecture,SRC-LEGACY-SNAPSHOT,generated_reviewed,2026.07.1
柳州,CNUR-000229,suffix_omitted,2000,2001,prefecture,SRC-LEGACY-SNAPSHOT,generated_reviewed,2026.07.1
来宾,CNUR-000229,suffix_omitted,2002,2024,prefecture,SRC-LEGACY-SNAPSHOT,generated_reviewed,2026.07.1
南宁,CNUR-000230,suffix_omitted,2000,2001,prefecture,SRC-LEGACY-SNAPSHOT,generated_reviewed,2026.07.1
崇左,CNUR-000230,suffix_omitted,2002,2024,prefecture,SRC-LEGACY-SNAPSHOT,generated_reviewed,2026.07.1
海口,CNUR-000231,suffix_omitted,2000,2024,prefecture,SRC-LEGACY-SNAPSHOT,generated_reviewed,2026.07.1
三亚,CNUR-000232,suffix_omitted,2000,2024,prefecture,SRC-LEGACY-SNAPSHOT,generated_reviewed,2026.07.1
三沙,CNUR-000233,suffix_omitted,2012,2024,prefecture,SRC-WIKI-2012,generated_reviewed,2026.07.1
儋州,CNUR-000234,suffix_omitted,2015,2024,prefecture,SRC-WIKI-2015,generated_reviewed,2026.07.1
重庆,CNUR-000235,suffix_omitted,2000,2024,prefecture,SRC-LEGACY-SNAPSHOT,generated_reviewed,2026.07.1
成都,CNUR-000236,suffix_omitted,2000,2024,prefecture,SRC-LEGACY-SNAPSHOT,generated_reviewed,2026.07.1
自贡,CNUR-000237,suffix_omitted,2000,2024,prefecture,SRC-LEGACY-SNAPSHOT,generated_reviewed,2026.07.1
攀枝花,CNUR-000238,suffix_omitted,2000,2024,prefecture,SRC-LEGACY-SNAPSHOT,generated_reviewed,2026.07.1
泸州,CNUR-000239,suffix_omitted,2000,2024,prefecture,SRC-LEGACY-SNAPSHOT,generated_reviewed,2026.07.1
德阳,CNUR-000240,suffix_omitted,2000,2024,prefecture,SRC-LEGACY-SNAPSHOT,generated_reviewed,2026.07.1
绵阳,CNUR-000241,suffix_omitted,2000,2024,prefecture,SRC-LEGACY-SNAPSHOT,generated_reviewed,2026.07.1
广元,CNUR-000242,suffix_omitted,2000,2024,prefecture,SRC-LEGACY-SNAPSHOT,generated_reviewed,2026.07.1
遂宁,CNUR-000243,suffix_omitted,2000,2024,prefecture,SRC-LEGACY-SNAPSHOT,generated_reviewed,2026.07.1
内江,CNUR-000244,suffix_omitted,2000,2024,prefecture,SRC-LEGACY-SNAPSHOT,generated_reviewed,2026.07.1
乐山,CNUR-000245,suffix_omitted,2000,2024,prefecture,SRC-LEGACY-SNAPSHOT,generated_reviewed,2026.07.1
南充,CNUR-000246,suffix_omitted,2000,2024,prefecture,SRC-LEGACY-SNAPSHOT,generated_reviewed,2026.07.1
眉山,CNUR-000247,suffix_omitted,2000,2024,prefecture,SRC-LEGACY-SNAPSHOT,generated_reviewed,2026.07.1
宜宾,CNUR-000248,suffix_omitted,2000,2024,prefecture,SRC-LEGACY-SNAPSHOT,generated_reviewed,2026.07.1
广安,CNUR-000249,suffix_omitted,2000,2024,prefecture,SRC-LEGACY-SNAPSHOT,generated_reviewed,2026.07.1
达州,CNUR-000250,suffix_omitted,2000,2024,prefecture,SRC-LEGACY-SNAPSHOT,generated_reviewed,2026.07.1
雅安,CNUR-000251,suffix_omitted,2000,2024,prefecture,SRC-LEGACY-SNAPSHOT,generated_reviewed,2026.07.1
巴中,CNUR-000252,suffix_omitted,2000,2024,prefecture,SRC-LEGACY-SNAPSHOT,generated_reviewed,2026.07.1
资阳,CNUR-000253,suffix_omitted,2000,2024,prefecture,SRC-LEGACY-SNAPSHOT,generated_reviewed,2026.07.1
阿坝藏族羌族,CNUR-000254,suffix_omitted,2000,2024,prefecture,SRC-LEGACY-SNAPSHOT,generated_reviewed,2026.07.1
甘孜藏族,CNUR-000255,suffix_omitted,2000,2024,prefecture,SRC-LEGACY-SNAPSHOT,generated_reviewed,2026.07.1
凉山彝族,CNUR-000256,suffix_omitted,2000,2024,prefecture,SRC-LEGACY-SNAPSHOT,generated_reviewed,2026.07.1
贵阳,CNUR-000257,suffix_omitted,2000,2024,prefecture,SRC-LEGACY-SNAPSHOT,generated_reviewed,2026.07.1
六盘水,CNUR-000258,suffix_omitted,2000,2024,prefecture,SRC-LEGACY-SNAPSHOT,generated_reviewed,2026.07.1
遵义,CNUR-000259,suffix_omitted,2000,2024,prefecture,SRC-LEGACY-SNAPSHOT,generated_reviewed,2026.07.1
安顺,CNUR-000260,suffix_omitted,2000,2024,prefecture,SRC-LEGACY-SNAPSHOT,generated_reviewed,2026.07.1
毕节,CNUR-000261,suffix_omitted,2000,2010,prefecture,SRC-LEGACY-SNAPSHOT,generated_reviewed,2026.07.1
毕节,CNUR-000261,suffix_omitted,2011,2024,prefecture,SRC-LEGACY-SNAPSHOT,generated_reviewed,2026.07.1
铜仁,CNUR-000262,suffix_omitted,2000,2010,prefecture,SRC-LEGACY-SNAPSHOT,generated_reviewed,2026.07.1
铜仁,CNUR-000262,suffix_omitted,2011,2024,prefecture,SRC-LEGACY-SNAPSHOT,generated_reviewed,2026.07.1
黔西南布依族苗族,CNUR-000263,suffix_omitted,2000,2024,prefecture,SRC-LEGACY-SNAPSHOT,generated_reviewed,2026.07.1
黔东南苗族侗族,CNUR-000264,suffix_omitted,2000,2024,prefecture,SRC-LEGACY-SNAPSHOT,generated_reviewed,2026.07.1
黔南布依族苗族,CNUR-000265,suffix_omitted,2000,2024,prefecture,SRC-LEGACY-SNAPSHOT,generated_reviewed,2026.07.1
昆明,CNUR-000266,suffix_omitted,2000,2024,prefecture,SRC-LEGACY-SNAPSHOT,generated_reviewed,2026.07.1
曲靖,CNUR-000267,suffix_omitted,2000,2024,prefecture,SRC-LEGACY-SNAPSHOT,generated_reviewed,2026.07.1
玉溪,CNUR-000268,suffix_omitted,2000,2024,prefecture,SRC-LEGACY-SNAPSHOT,generated_reviewed,2026.07.1
保山,CNUR-000269,suffix_omitted,2000,2024,prefecture,SRC-LEGACY-SNAPSHOT,generated_reviewed,2026.07.1
昭通,CNUR-000270,suffix_omitted,2000,2000,prefecture,SRC-LEGACY-SNAPSHOT,generated_reviewed,2026.07.1
昭通,CNUR-000270,suffix_omitted,2001,2024,prefecture,SRC-LEGACY-SNAPSHOT,generated_reviewed,2026.07.1
丽江,CNUR-000271,suffix_omitted,2000,2001,prefecture,SRC-LEGACY-SNAPSHOT,generated_reviewed,2026.07.1
丽江,CNUR-000271,suffix_omitted,2002,2024,prefecture,SRC-LEGACY-SNAPSHOT,generated_reviewed,2026.07.1
思茅,CNUR-000272,suffix_omitted,2000,2002,prefecture,SRC-WIKI-2003,generated_reviewed,2026.07.1
思茅,CNUR-000272,suffix_omitted,2003,2006,prefecture,SRC-WIKI-2003,generated_reviewed,2026.07.1
普洱,CNUR-000272,suffix_omitted,2007,2024,prefecture,SRC-WIKI-2003,generated_reviewed,2026.07.1
临沧,CNUR-000273,suffix_omitted,2000,2002,prefecture,SRC-WIKI-2003,generated_reviewed,2026.07.1
临沧,CNUR-000273,suffix_omitted,2003,2024,prefecture,SRC-WIKI-2003,generated_reviewed,2026.07.1
楚雄彝族,CNUR-000274,suffix_omitted,2000,2024,prefecture,SRC-LEGACY-SNAPSHOT,generated_reviewed,2026.07.1
红河哈尼族彝族,CNUR-000275,suffix_omitted,2000,2024,prefecture,SRC-LEGACY-SNAPSHOT,generated_reviewed,2026.07.1
文山壮族苗族,CNUR-000276,suffix_omitted,2000,2024,prefecture,SRC-LEGACY-SNAPSHOT,generated_reviewed,2026.07.1
西双版纳傣族,CNUR-000277,suffix_omitted,2000,2024,prefecture,SRC-LEGACY-SNAPSHOT,generated_reviewed,2026.07.1
大理白族,CNUR-000278,suffix_omitted,2000,2024,prefecture,SRC-LEGACY-SNAPSHOT,generated_reviewed,2026.07.1
德宏傣族景颇族,CNUR-000279,suffix_omitted,2000,2024,prefecture,SRC-LEGACY-SNAPSHOT,generated_reviewed,2026.07.1
怒江傈僳族,CNUR-000280,suffix_omitted,2000,2024,prefecture,SRC-LEGACY-SNAPSHOT,generated_reviewed,2026.07.1
迪庆藏族,CNUR-000281,suffix_omitted,2000,2024,prefecture,SRC-WIKI-DIQING,generated_reviewed,2026.07.1
拉萨,CNUR-000282,suffix_omitted,2000,2024,prefecture,SRC-LEGACY-SNAPSHOT,generated_reviewed,2026.07.1
日喀则,CNUR-000283,suffix_omitted,2000,2013,prefecture,SRC-LEGACY-SNAPSHOT,generated_reviewed,2026.07.1
日喀则,CNUR-000283,suffix_omitted,2014,2024,prefecture,SRC-LEGACY-SNAPSHOT,generated_reviewed,2026.07.1
昌都,CNUR-000284,suffix_omitted,2000,2013,prefecture,SRC-WIKI-2014,generated_reviewed,2026.07.1
昌都,CNUR-000284,suffix_omitted,2014,2024,prefecture,SRC-WIKI-2014,generated_reviewed,2026.07.1
林芝,CNUR-000285,suffix_omitted,2000,2014,prefecture,SRC-LEGACY-SNAPSHOT,generated_reviewed,2026.07.1
林芝,CNUR-000285,suffix_omitted,2015,2024,prefecture,SRC-LEGACY-SNAPSHOT,generated_reviewed,2026.07.1
山南,CNUR-000286,suffix_omitted,2000,2015,prefecture,SRC-LEGACY-SNAPSHOT,generated_reviewed,2026.07.1
山南,CNUR-000286,suffix_omitted,2016,2024,prefecture,SRC-LEGACY-SNAPSHOT,generated_reviewed,2026.07.1
那曲,CNUR-000287,suffix_omitted,2000,2016,prefecture,SRC-LEGACY-SNAPSHOT,generated_reviewed,2026.07.1
那曲,CNUR-000287,suffix_omitted,2017,2024,prefecture,SRC-LEGACY-SNAPSHOT,generated_reviewed,2026.07.1
阿里,CNUR-000288,suffix_omitted,2000,2024,prefecture,SRC-LEGACY-SNAPSHOT,generated_reviewed,2026.07.1
西安,CNUR-000289,suffix_omitted,2000,2024,prefecture,SRC-LEGACY-SNAPSHOT,generated_reviewed,2026.07.1
铜川,CNUR-000290,suffix_omitted,2000,2024,prefecture,SRC-LEGACY-SNAPSHOT,generated_reviewed,2026.07.1
宝鸡,CNUR-000291,suffix_omitted,2000,2024,prefecture,SRC-LEGACY-SNAPSHOT,generated_reviewed,2026.07.1
咸阳,CNUR-000292,suffix_omitted,2000,2024,prefecture,SRC-LEGACY-SNAPSHOT,generated_reviewed,2026.07.1
渭南,CNUR-000293,suffix_omitted,2000,2024,prefecture,SRC-LEGACY-SNAPSHOT,generated_reviewed,2026.07.1
延安,CNUR-000294,suffix_omitted,2000,2024,prefecture,SRC-LEGACY-SNAPSHOT,generated_reviewed,2026.07.1
汉中,CNUR-000295,suffix_omitted,2000,2024,prefecture,SRC-LEGACY-SNAPSHOT,generated_reviewed,2026.07.1
榆林,CNUR-000296,suffix_omitted,2000,2024,prefecture,SRC-LEGACY-SNAPSHOT,generated_reviewed,2026.07.1
安康,CNUR-000297,suffix_omitted,2000,2024,prefecture,SRC-LEGACY-SNAPSHOT,generated_reviewed,2026.07.1
商洛,CNUR-000298,suffix_omitted,2000,2000,prefecture,SRC-LEGACY-SNAPSHOT,generated_reviewed,2026.07.1
商洛,CNUR-000298,suffix_omitted,2001,2024,prefecture,SRC-LEGACY-SNAPSHOT,generated_reviewed,2026.07.1
兰州,CNUR-000299,suffix_omitted,2000,2024,prefecture,SRC-LEGACY-SNAPSHOT,generated_reviewed,2026.07.1
嘉峪关,CNUR-000300,suffix_omitted,2000,2024,prefecture,SRC-LEGACY-SNAPSHOT,generated_reviewed,2026.07.1
金昌,CNUR-000301,suffix_omitted,2000,2024,prefecture,SRC-LEGACY-SNAPSHOT,generated_reviewed,2026.07.1
白银,CNUR-000302,suffix_omitted,2000,2024,prefecture,SRC-LEGACY-SNAPSHOT,generated_reviewed,2026.07.1
天水,CNUR-000303,suffix_omitted,2000,2024,prefecture,SRC-LEGACY-SNAPSHOT,generated_reviewed,2026.07.1
武威,CNUR-000304,suffix_omitted,2000,2000,prefecture,SRC-LEGACY-SNAPSHOT,generated_reviewed,2026.07.1
武威,CNUR-000304,suffix_omitted,2001,2024,prefecture,SRC-LEGACY-SNAPSHOT,generated_reviewed,2026.07.1
张掖,CNUR-000305,suffix_omitted,2000,2001,prefecture,SRC-LEGACY-SNAPSHOT,generated_reviewed,2026.07.1
张掖,CNUR-000305,suffix_omitted,2002,2024,prefecture,SRC-LEGACY-SNAPSHOT,generated_reviewed,2026.07.1
平凉,CNUR-000306,suffix_omitted,2000,2001,prefecture,SRC-LEGACY-SNAPSHOT,generated_reviewed,2026.07.1
平凉,CNUR-000306,suffix_omitted,2002,2024,prefecture,SRC-LEGACY-SNAPSHOT,generated_reviewed,2026.07.1
酒泉,CNUR-000307,suffix_omitted,2000,2001,prefecture,SRC-LEGACY-SNAPSHOT,generated_reviewed,2026.07.1
酒泉,CNUR-000307,suffix_omitted,2002,2024,prefecture,SRC-LEGACY-SNAPSHOT,generated_reviewed,2026.07.1
庆阳,CNUR-000308,suffix_omitted,2000,2001,prefecture,SRC-LEGACY-SNAPSHOT,generated_reviewed,2026.07.1
庆阳,CNUR-000308,suffix_omitted,2002,2024,prefecture,SRC-LEGACY-SNAPSHOT,generated_reviewed,2026.07.1
定西,CNUR-000309,suffix_omitted,2000,2002,prefecture,SRC-LEGACY-SNAPSHOT,generated_reviewed,2026.07.1
定西,CNUR-000309,suffix_omitted,2003,2024,prefecture,SRC-LEGACY-SNAPSHOT,generated_reviewed,2026.07.1
陇南,CNUR-000310,suffix_omitted,2000,2003,prefecture,SRC-LEGACY-SNAPSHOT,generated_reviewed,2026.07.1
陇南,CNUR-000310,suffix_omitted,2004,2024,prefecture,SRC-LEGACY-SNAPSHOT,generated_reviewed,2026.07.1
临夏回族,CNUR-000311,suffix_omitted,2000,2024,prefecture,SRC-LEGACY-SNAPSHOT,generated_reviewed,2026.07.1
甘南藏族,CNUR-000312,suffix_omitted,2000,2024,prefecture,SRC-LEGACY-SNAPSHOT,generated_reviewed,2026.07.1
西宁,CNUR-000313,suffix_omitted,2000,2024,prefecture,SRC-LEGACY-SNAPSHOT,generated_reviewed,2026.07.1
海东,CNUR-000314,suffix_omitted,2000,2012,prefecture,SRC-LEGACY-SNAPSHOT,generated_reviewed,2026.07.1
海东,CNUR-000314,suffix_omitted,2013,2024,prefecture,SRC-LEGACY-SNAPSHOT,generated_reviewed,2026.07.1
海北藏族,CNUR-000315,suffix_omitted,2000,2024,prefecture,SRC-LEGACY-SNAPSHOT,generated_reviewed,2026.07.1
黄南藏族,CNUR-000316,suffix_omitted,2000,2024,prefecture,SRC-LEGACY-SNAPSHOT,generated_reviewed,2026.07.1
海南藏族,CNUR-000317,suffix_omitted,2000,2024,prefecture,SRC-LEGACY-SNAPSHOT,generated_reviewed,2026.07.1
果洛藏族,CNUR-000318,suffix_omitted,2000,2024,prefecture,SRC-LEGACY-SNAPSHOT,generated_reviewed,2026.07.1
玉树藏族,CNUR-000319,suffix_omitted,2000,2024,prefecture,SRC-LEGACY-SNAPSHOT,generated_reviewed,2026.07.1
海西蒙古族藏族,CNUR-000320,suffix_omitted,2000,2024,prefecture,SRC-LEGACY-SNAPSHOT,generated_reviewed,2026.07.1
银川,CNUR-000321,suffix_omitted,2000,2024,prefecture,SRC-LEGACY-SNAPSHOT,generated_reviewed,2026.07.1
石嘴山,CNUR-000322,suffix_omitted,2000,2024,prefecture,SRC-LEGACY-SNAPSHOT,generated_reviewed,2026.07.1
吴忠,CNUR-000323,suffix_omitted,2000,2024,prefecture,SRC-LEGACY-SNAPSHOT,generated_reviewed,2026.07.1
固原,CNUR-000324,suffix_omitted,2000,2000,prefecture,SRC-LEGACY-SNAPSHOT,generated_reviewed,2026.07.1
固原,CNUR-000324,suffix_omitted,2001,2024,prefecture,SRC-LEGACY-SNAPSHOT,generated_reviewed,2026.07.1
中卫,CNUR-000325,suffix_omitted,2003,2024,prefecture,SRC-WIKI-2003,generated_reviewed,2026.07.1
乌鲁木齐,CNUR-000326,suffix_omitted,2000,2024,prefecture,SRC-LEGACY-SNAPSHOT,generated_reviewed,2026.07.1
克拉玛依,CNUR-000327,suffix_omitted,2000,2024,prefecture,SRC-LEGACY-SNAPSHOT,generated_reviewed,2026.07.1
吐鲁番,CNUR-000328,suffix_omitted,2000,2014,prefecture,SRC-LEGACY-SNAPSHOT,generated_reviewed,2026.07.1
吐鲁番,CNUR-000328,suffix_omitted,2015,2024,prefecture,SRC-LEGACY-SNAPSHOT,generated_reviewed,2026.07.1
哈密,CNUR-000329,suffix_omitted,2000,2015,prefecture,SRC-LEGACY-SNAPSHOT,generated_reviewed,2026.07.1
哈密,CNUR-000329,suffix_omitted,2016,2024,prefecture,SRC-LEGACY-SNAPSHOT,generated_reviewed,2026.07.1
昌吉回族,CNUR-000330,suffix_omitted,2000,2024,prefecture,SRC-LEGACY-SNAPSHOT,generated_reviewed,2026.07.1
博尔塔拉蒙古,CNUR-000331,suffix_omitted,2000,2024,prefecture,SRC-LEGACY-SNAPSHOT,generated_reviewed,2026.07.1
巴音郭楞蒙古,CNUR-000332,suffix_omitted,2000,2024,prefecture,SRC-LEGACY-SNAPSHOT,generated_reviewed,2026.07.1
阿克苏,CNUR-000333,suffix_omitted,2000,2024,prefecture,SRC-LEGACY-SNAPSHOT,generated_reviewed,2026.07.1
克孜勒苏柯尔克孜,CNUR-000334,suffix_omitted,2000,2024,prefecture,SRC-LEGACY-SNAPSHOT,generated_reviewed,2026.07.1
喀什,CNUR-000335,suffix_omitted,2000,2024,prefecture,SRC-LEGACY-SNAPSHOT,generated_reviewed,2026.07.1
和田,CNUR-000336,suffix_omitted,2000,2024,prefecture,SRC-LEGACY-SNAPSHOT,generated_reviewed,2026.07.1
伊犁哈萨克,CNUR-000337,suffix_omitted,2000,2024,prefecture,SRC-LEGACY-SNAPSHOT,generated_reviewed,2026.07.1
伊犁,CNUR-000338,suffix_omitted,2000,2000,prefecture,SRC-WIKI-2001,generated_reviewed,2026.07.1
塔城,CNUR-000339,suffix_omitted,2000,2024,prefecture,SRC-LEGACY-SNAPSHOT,generated_reviewed,2026.07.1
阿勒泰,CNUR-000340,suffix_omitted,2000,2024,prefecture,SRC-LEGACY-SNAPSHOT,generated_reviewed,2026.07.1
毫州,CNUR-000112,ocr_variant,2000,2024,prefecture,SRC-LEGACY-SNAPSHOT,reviewed,2026.07.1
亳州市,CNUR-000112,manual_alias,2000,2024,prefecture,SRC-LEGACY-SNAPSHOT,reviewed,2026.07.1
毫州市,CNUR-000112,ocr_variant,2000,2024,prefecture,SRC-LEGACY-SNAPSHOT,reviewed,2026.07.1
