entity_id,name_zh,start_year,end_year,legal_status,verification_status,derivation_basis
CNUR-000001,北京市,1987,2026,active,reviewed,reviewed_event_chain
CNUR-000002,天津市,1987,2026,active,reviewed,reviewed_event_chain
CNUR-000003,石家庄市,1987,2026,active,reviewed,reviewed_event_chain
CNUR-000004,唐山市,1987,2026,active,reviewed,reviewed_event_chain
CNUR-000005,秦皇岛市,1987,2026,active,reviewed,reviewed_event_chain
CNUR-000006,邯郸市,1987,2026,active,reviewed,reviewed_event_chain
CNUR-000007,邢台市,1987,2026,active,reviewed,reviewed_event_chain
CNUR-000008,保定市,1987,2026,active,reviewed,reviewed_event_chain
CNUR-000009,张家口市,1987,2026,active,reviewed,reviewed_event_chain
CNUR-000010,承德市,1987,2026,active,reviewed,reviewed_event_chain
CNUR-000011,沧州市,1987,2026,active,reviewed,reviewed_event_chain
CNUR-000012,廊坊地区,1987,1987,active,reviewed,reviewed_event_chain
CNUR-000012,廊坊市,1988,2026,active,reviewed,reviewed_event_chain
CNUR-000013,衡水地区,1987,1995,active,reviewed,reviewed_event_chain
CNUR-000013,衡水市,1996,2026,active,reviewed,reviewed_event_chain
CNUR-000014,太原市,1987,2026,active,reviewed,reviewed_event_chain
CNUR-000015,大同市,1987,2026,active,reviewed,reviewed_event_chain
CNUR-000016,阳泉市,1987,2026,active,reviewed,reviewed_event_chain
CNUR-000017,长治市,1987,2026,active,reviewed,reviewed_event_chain
CNUR-000018,晋城市,1987,2026,active,reviewed,reviewed_event_chain
CNUR-000019,,1987,1987,not_established,inferred,event_chain_inference
CNUR-000019,朔州市,1988,2026,active,reviewed,reviewed_event_chain
CNUR-000020,晋中地区,1987,1998,active,reviewed,reviewed_event_chain
CNUR-000020,晋中市,1999,2026,active,reviewed,reviewed_event_chain
CNUR-000021,运城地区,1987,1999,active,reviewed,reviewed_event_chain
CNUR-000021,运城市,2000,2026,active,reviewed,existing_2000_2024_roster
CNUR-000022,忻州地区,1987,1999,active,reviewed,reviewed_event_chain
CNUR-000022,忻州市,2000,2026,active,reviewed,existing_2000_2024_roster
CNUR-000023,临汾地区,1987,1999,active,reviewed,reviewed_event_chain
CNUR-000023,临汾市,2000,2026,active,reviewed,existing_2000_2024_roster
CNUR-000024,吕梁地区,1987,2002,active,reviewed,reviewed_event_chain
CNUR-000024,吕梁市,2003,2026,active,reviewed,existing_2000_2024_roster
CNUR-000025,呼和浩特市,1987,2026,active,reviewed,reviewed_event_chain
CNUR-000026,包头市,1987,2026,active,reviewed,reviewed_event_chain
CNUR-000027,乌海市,1987,2026,active,reviewed,reviewed_event_chain
CNUR-000028,赤峰市,1987,2026,active,reviewed,reviewed_event_chain
CNUR-000029,哲里木盟,1987,1998,active,reviewed,reviewed_event_chain
CNUR-000029,通辽市,1999,2026,active,reviewed,reviewed_event_chain
CNUR-000030,伊克昭盟,1987,2000,active,reviewed,reviewed_event_chain
CNUR-000030,鄂尔多斯市,2001,2026,active,reviewed,existing_2000_2024_roster
CNUR-000031,呼伦贝尔盟,1987,2000,active,reviewed,reviewed_event_chain
CNUR-000031,呼伦贝尔市,2001,2026,active,reviewed,existing_2000_2024_roster
CNUR-000032,巴彦淖尔盟,1987,2002,active,reviewed,reviewed_event_chain
CNUR-000032,巴彦淖尔市,2003,2026,active,reviewed,existing_2000_2024_roster
CNUR-000033,乌兰察布盟,1987,2002,active,reviewed,reviewed_event_chain
CNUR-000033,乌兰察布市,2003,2026,active,reviewed,existing_2000_2024_roster
CNUR-000034,兴安盟,1987,2026,active,reviewed,reviewed_event_chain
CNUR-000035,锡林郭勒盟,1987,2026,active,reviewed,reviewed_event_chain
CNUR-000036,阿拉善盟,1987,2026,active,reviewed,reviewed_event_chain
CNUR-000037,沈阳市,1987,2026,active,reviewed,reviewed_event_chain
CNUR-000038,大连市,1987,2026,active,reviewed,reviewed_event_chain
CNUR-000039,鞍山市,1987,2026,active,reviewed,reviewed_event_chain
CNUR-000040,抚顺市,1987,2026,active,reviewed,reviewed_event_chain
CNUR-000041,本溪市,1987,2026,active,reviewed,reviewed_event_chain
CNUR-000042,丹东市,1987,2026,active,reviewed,reviewed_event_chain
CNUR-000043,锦州市,1987,2026,active,reviewed,reviewed_event_chain
CNUR-000044,营口市,1987,2026,active,reviewed,reviewed_event_chain
CNUR-000045,阜新市,1987,2026,active,reviewed,reviewed_event_chain
CNUR-000046,辽阳市,1987,2026,active,reviewed,reviewed_event_chain
CNUR-000047,盘锦市,1987,2026,active,reviewed,reviewed_event_chain
CNUR-000048,铁岭市,1987,2026,active,reviewed,reviewed_event_chain
CNUR-000049,朝阳市,1987,2026,active,reviewed,reviewed_event_chain
CNUR-000050,锦西市,1987,1993,active,reviewed,reviewed_event_chain
CNUR-000050,葫芦岛市,1994,2026,active,reviewed,reviewed_event_chain
CNUR-000051,长春市,1987,2026,active,reviewed,reviewed_event_chain
CNUR-000052,吉林市,1987,2026,active,reviewed,reviewed_event_chain
CNUR-000053,四平市,1987,2026,active,reviewed,reviewed_event_chain
CNUR-000054,辽源市,1987,2026,active,reviewed,reviewed_event_chain
CNUR-000055,通化市,1987,2026,active,reviewed,reviewed_event_chain
CNUR-000056,浑江市,1987,1993,active,reviewed,reviewed_event_chain
CNUR-000056,白山市,1994,2026,active,reviewed,reviewed_event_chain
CNUR-000057,,1987,1991,not_established,inferred,event_chain_inference
CNUR-000057,松原市,1992,2026,active,reviewed,reviewed_event_chain
CNUR-000058,白城地区,1987,1992,active,reviewed,reviewed_event_chain
CNUR-000058,白城市,1993,2026,active,reviewed,reviewed_event_chain
CNUR-000059,延边朝鲜族自治州,1987,2026,active,reviewed,reviewed_event_chain
CNUR-000060,哈尔滨市,1987,2026,active,reviewed,reviewed_event_chain
CNUR-000061,齐齐哈尔市,1987,2026,active,reviewed,reviewed_event_chain
CNUR-000062,鸡西市,1987,2026,active,reviewed,reviewed_event_chain
CNUR-000063,鹤岗市,1987,2026,active,reviewed,reviewed_event_chain
CNUR-000064,双鸭山市,1987,2026,active,reviewed,reviewed_event_chain
CNUR-000065,大庆市,1987,2026,active,reviewed,reviewed_event_chain
CNUR-000066,伊春市,1987,2026,active,reviewed,reviewed_event_chain
CNUR-000067,佳木斯市,1987,2026,active,reviewed,reviewed_event_chain
CNUR-000068,七台河市,1987,2026,active,reviewed,reviewed_event_chain
CNUR-000069,牡丹江市,1987,2026,active,reviewed,reviewed_event_chain
CNUR-000070,黑河地区,1987,1992,active,reviewed,reviewed_event_chain
CNUR-000070,黑河市,1993,2026,active,reviewed,reviewed_event_chain
CNUR-000071,绥化地区,1987,1998,active,reviewed,reviewed_event_chain
CNUR-000071,绥化市,1999,2026,active,reviewed,reviewed_event_chain
CNUR-000072,大兴安岭地区,1987,2026,active,reviewed,reviewed_event_chain
CNUR-000073,上海市,1987,2026,active,reviewed,reviewed_event_chain
CNUR-000074,南京市,1987,2026,active,reviewed,reviewed_event_chain
CNUR-000075,无锡市,1987,2026,active,reviewed,reviewed_event_chain
CNUR-000076,徐州市,1987,2026,active,reviewed,reviewed_event_chain
CNUR-000077,常州市,1987,2026,active,reviewed,reviewed_event_chain
CNUR-000078,苏州市,1987,2026,active,reviewed,reviewed_event_chain
CNUR-000079,南通市,1987,2026,active,reviewed,reviewed_event_chain
CNUR-000080,连云港市,1987,2026,active,reviewed,reviewed_event_chain
CNUR-000081,淮阴市,1987,1999,active,reviewed,reviewed_event_chain
CNUR-000081,淮安市,2000,2026,active,reviewed,existing_2000_2024_roster
CNUR-000082,盐城市,1987,2026,active,reviewed,reviewed_event_chain
CNUR-000083,扬州市,1987,2026,active,reviewed,reviewed_event_chain
CNUR-000084,镇江市,1987,2026,active,reviewed,reviewed_event_chain
CNUR-000085,,1987,1995,not_established,inferred,event_chain_inference
CNUR-000085,泰州市,1996,2026,active,reviewed,reviewed_event_chain
CNUR-000086,,1987,1995,not_established,inferred,event_chain_inference
CNUR-000086,宿迁市,1996,2026,active,reviewed,reviewed_event_chain
CNUR-000087,杭州市,1987,2026,active,reviewed,reviewed_event_chain
CNUR-000088,宁波市,1987,2026,active,reviewed,reviewed_event_chain
CNUR-000089,温州市,1987,2026,active,reviewed,reviewed_event_chain
CNUR-000090,嘉兴市,1987,2026,active,reviewed,reviewed_event_chain
CNUR-000091,湖州市,1987,2026,active,reviewed,reviewed_event_chain
CNUR-000092,绍兴市,1987,2026,active,reviewed,reviewed_event_chain
CNUR-000093,金华市,1987,2026,active,reviewed,reviewed_event_chain
CNUR-000094,衢州市,1987,2026,active,reviewed,reviewed_event_chain
CNUR-000095,舟山市,1987,2026,active,reviewed,reviewed_event_chain
CNUR-000096,台州地区,1987,1993,active,reviewed,reviewed_event_chain
CNUR-000096,台州市,1994,2026,active,reviewed,reviewed_event_chain
CNUR-000097,丽水地区,1987,1999,active,reviewed,reviewed_event_chain
CNUR-000097,丽水市,2000,2026,active,reviewed,existing_2000_2024_roster
CNUR-000098,合肥市,1987,2026,active,reviewed,reviewed_event_chain
CNUR-000099,芜湖市,1987,2026,active,reviewed,reviewed_event_chain
CNUR-000100,蚌埠市,1987,2026,active,reviewed,reviewed_event_chain
CNUR-000101,淮南市,1987,2026,active,reviewed,reviewed_event_chain
CNUR-000102,马鞍山市,1987,2026,active,reviewed,reviewed_event_chain
CNUR-000103,淮北市,1987,2026,active,reviewed,reviewed_event_chain
CNUR-000104,铜陵市,1987,2026,active,reviewed,reviewed_event_chain
CNUR-000105,安庆市,1987,2026,active,reviewed,reviewed_event_chain
CNUR-000106,黄山市,1987,2026,active,reviewed,reviewed_event_chain
CNUR-000107,滁县地区,1987,1991,active,reviewed,reviewed_event_chain
CNUR-000107,滁州市,1992,2026,active,reviewed,reviewed_event_chain
CNUR-000108,阜阳地区,1987,1995,active,reviewed,reviewed_event_chain
CNUR-000108,阜阳市,1996,2026,active,reviewed,reviewed_event_chain
CNUR-000109,宿县地区,1987,1997,active,reviewed,reviewed_event_chain
CNUR-000109,宿州市,1998,2026,active,reviewed,reviewed_event_chain
CNUR-000110,巢湖地区,1987,1998,active,reviewed,reviewed_event_chain
CNUR-000110,巢湖市,1999,2010,active,reviewed,reviewed_event_chain
CNUR-000110,,2011,2024,abolished,reviewed,existing_2000_2024_roster
CNUR-000110,巢湖市,2025,2026,abolished,reviewed,reviewed_event_chain
CNUR-000111,六安地区,1987,1998,active,reviewed,reviewed_event_chain
CNUR-000111,六安市,1999,2026,active,reviewed,reviewed_event_chain
CNUR-000112,亳州市,1987,2026,active,reviewed,reviewed_event_chain
CNUR-000113,,1987,1987,not_established,inferred,event_chain_inference
CNUR-000113,池州地区,1988,1999,active,reviewed,reviewed_event_chain
CNUR-000113,池州市,2000,2026,active,reviewed,existing_2000_2024_roster
CNUR-000114,宣城地区,1987,1999,active,reviewed,reviewed_event_chain
CNUR-000114,宣城市,2000,2026,active,reviewed,existing_2000_2024_roster
CNUR-000115,福州市,1987,2026,active,reviewed,reviewed_event_chain
CNUR-000116,厦门市,1987,2026,active,reviewed,reviewed_event_chain
CNUR-000117,莆田市,1987,2026,active,reviewed,reviewed_event_chain
CNUR-000118,三明市,1987,2026,active,reviewed,reviewed_event_chain
CNUR-000119,泉州市,1987,2026,active,reviewed,reviewed_event_chain
CNUR-000120,漳州市,1987,2026,active,reviewed,reviewed_event_chain
CNUR-000121,建阳地区,1987,1987,active,reviewed,reviewed_event_chain
CNUR-000121,南平地区,1988,1993,active,reviewed,reviewed_event_chain
CNUR-000121,南平市,1994,2026,active,reviewed,reviewed_event_chain
CNUR-000122,龙岩地区,1987,1995,active,reviewed,reviewed_event_chain
CNUR-000122,龙岩市,1996,2026,active,reviewed,reviewed_event_chain
CNUR-000123,宁德地区,1987,1998,active,reviewed,reviewed_event_chain
CNUR-000123,宁德市,1999,2026,active,reviewed,reviewed_event_chain
CNUR-000124,南昌市,1987,2026,active,reviewed,reviewed_event_chain
CNUR-000125,景德镇市,1987,2026,active,reviewed,reviewed_event_chain
CNUR-000126,萍乡市,1987,2026,active,reviewed,reviewed_event_chain
CNUR-000127,九江市,1987,2026,active,reviewed,reviewed_event_chain
CNUR-000128,新余市,1987,2026,active,reviewed,reviewed_event_chain
CNUR-000129,鹰潭市,1987,2026,active,reviewed,reviewed_event_chain
CNUR-000130,赣州地区,1987,1997,active,reviewed,reviewed_event_chain
CNUR-000130,赣州市,1998,2026,active,reviewed,reviewed_event_chain
CNUR-000131,吉安地区,1987,1999,active,reviewed,reviewed_event_chain
CNUR-000131,吉安市,2000,2026,active,reviewed,existing_2000_2024_roster
CNUR-000132,宜春地区,1987,1999,active,reviewed,reviewed_event_chain
CNUR-000132,宜春市,2000,2026,active,reviewed,existing_2000_2024_roster
CNUR-000133,抚州地区,1987,1999,active,reviewed,reviewed_event_chain
CNUR-000133,抚州市,2000,2026,active,reviewed,existing_2000_2024_roster
CNUR-000134,上饶地区,1987,1999,active,reviewed,reviewed_event_chain
CNUR-000134,上饶市,2000,2026,active,reviewed,existing_2000_2024_roster
CNUR-000135,济南市,1987,2026,active,reviewed,reviewed_event_chain
CNUR-000136,青岛市,1987,2026,active,reviewed,reviewed_event_chain
CNUR-000137,淄博市,1987,2026,active,reviewed,reviewed_event_chain
CNUR-000138,枣庄市,1987,2026,active,reviewed,reviewed_event_chain
CNUR-000139,东营市,1987,2026,active,reviewed,reviewed_event_chain
CNUR-000140,烟台市,1987,2026,active,reviewed,reviewed_event_chain
CNUR-000141,潍坊市,1987,2026,active,reviewed,reviewed_event_chain
CNUR-000142,济宁市,1987,2026,active,reviewed,reviewed_event_chain
CNUR-000143,泰安市,1987,2026,active,reviewed,reviewed_event_chain
CNUR-000144,威海市,1987,2026,active,reviewed,reviewed_event_chain
CNUR-000145,日照市,1987,2026,active,reviewed,reviewed_event_chain
CNUR-000146,莱芜市,1987,2018,active,reviewed,reviewed_event_chain
CNUR-000146,,2019,2026,abolished,reviewed,existing_2000_2024_roster
CNUR-000147,临沂地区,1987,1993,active,reviewed,reviewed_event_chain
CNUR-000147,临沂市,1994,2026,active,reviewed,reviewed_event_chain
CNUR-000148,德州地区,1987,1993,active,reviewed,reviewed_event_chain
CNUR-000148,德州市,1994,2026,active,reviewed,reviewed_event_chain
CNUR-000149,聊城地区,1987,1996,active,reviewed,reviewed_event_chain
CNUR-000149,聊城市,1997,2026,active,reviewed,reviewed_event_chain
CNUR-000150,惠民地区,1987,1991,active,reviewed,reviewed_event_chain
CNUR-000150,滨州地区,1992,1999,active,reviewed,reviewed_event_chain
CNUR-000150,滨州市,2000,2026,active,reviewed,existing_2000_2024_roster
CNUR-000151,菏泽地区,1987,1999,active,reviewed,reviewed_event_chain
CNUR-000151,菏泽市,2000,2026,active,reviewed,existing_2000_2024_roster
CNUR-000152,郑州市,1987,2026,active,reviewed,reviewed_event_chain
CNUR-000153,开封市,1987,2026,active,reviewed,reviewed_event_chain
CNUR-000154,洛阳市,1987,2026,active,reviewed,reviewed_event_chain
CNUR-000155,平顶山市,1987,2026,active,reviewed,reviewed_event_chain
CNUR-000156,安阳市,1987,2026,active,reviewed,reviewed_event_chain
CNUR-000157,鹤壁市,1987,2026,active,reviewed,reviewed_event_chain
CNUR-000158,新乡市,1987,2026,active,reviewed,reviewed_event_chain
CNUR-000159,焦作市,1987,2026,active,reviewed,reviewed_event_chain
CNUR-000160,濮阳市,1987,2026,active,reviewed,reviewed_event_chain
CNUR-000161,许昌市,1987,2026,active,reviewed,reviewed_event_chain
CNUR-000162,漯河市,1987,2026,active,reviewed,reviewed_event_chain
CNUR-000163,三门峡市,1987,2026,active,reviewed,reviewed_event_chain
CNUR-000164,南阳地区,1987,1993,active,reviewed,reviewed_event_chain
CNUR-000164,南阳市,1994,2026,active,reviewed,reviewed_event_chain
CNUR-000165,商丘地区,1987,1996,active,reviewed,reviewed_event_chain
CNUR-000165,商丘市,1997,2026,active,reviewed,reviewed_event_chain
CNUR-000166,信阳地区,1987,1997,active,reviewed,reviewed_event_chain
CNUR-000166,信阳市,1998,2026,active,reviewed,reviewed_event_chain
CNUR-000167,周口地区,1987,1999,active,reviewed,reviewed_event_chain
CNUR-000167,周口市,2000,2026,active,reviewed,existing_2000_2024_roster
CNUR-000168,驻马店地区,1987,1999,active,reviewed,reviewed_event_chain
CNUR-000168,驻马店市,2000,2026,active,reviewed,existing_2000_2024_roster
CNUR-000169,武汉市,1987,2026,active,reviewed,reviewed_event_chain
CNUR-000170,黄石市,1987,2026,active,reviewed,reviewed_event_chain
CNUR-000171,十堰市,1987,2026,active,reviewed,reviewed_event_chain
CNUR-000172,宜昌市,1987,2026,active,reviewed,reviewed_event_chain
CNUR-000173,襄樊市,1987,2009,active,reviewed,reviewed_event_chain
CNUR-000173,襄阳市,2010,2026,active,reviewed,existing_2000_2024_roster
CNUR-000174,鄂州市,1987,2026,active,reviewed,reviewed_event_chain
CNUR-000175,荆门市,1987,2026,active,reviewed,reviewed_event_chain
CNUR-000176,,1987,1992,not_established,inferred,event_chain_inference
CNUR-000176,孝感市,1993,2026,active,reviewed,reviewed_event_chain
CNUR-000177,荆州地区,1987,1993,active,reviewed,reviewed_event_chain
CNUR-000177,荆沙市,1994,1995,active,reviewed,reviewed_event_chain
CNUR-000177,荆州市,1996,2026,active,reviewed,reviewed_event_chain
CNUR-000178,黄冈地区,1987,1994,active,reviewed,reviewed_event_chain
CNUR-000178,黄冈市,1995,2026,active,reviewed,reviewed_event_chain
CNUR-000179,咸宁地区,1987,1997,active,reviewed,reviewed_event_chain
CNUR-000179,咸宁市,1998,2026,active,reviewed,reviewed_event_chain
CNUR-000180,随州市,1987,2026,active,reviewed,reviewed_event_chain
CNUR-000181,鄂西土家族苗族自治州,1987,1992,active,reviewed,reviewed_event_chain
CNUR-000181,恩施土家族苗族自治州,1993,2026,active,reviewed,reviewed_event_chain
CNUR-000182,长沙市,1987,2026,active,reviewed,reviewed_event_chain
CNUR-000183,株洲市,1987,2026,active,reviewed,reviewed_event_chain
CNUR-000184,湘潭市,1987,2026,active,reviewed,reviewed_event_chain
CNUR-000185,衡阳市,1987,2026,active,reviewed,reviewed_event_chain
CNUR-000186,邵阳市,1987,2026,active,reviewed,reviewed_event_chain
CNUR-000187,岳阳市,1987,2026,active,reviewed,reviewed_event_chain
CNUR-000188,常德地区,1987,1987,active,reviewed,reviewed_event_chain
CNUR-000188,常德市,1988,2026,active,reviewed,reviewed_event_chain
CNUR-000189,大庸市,1987,1993,active,reviewed,reviewed_event_chain
CNUR-000189,张家界市,1994,2026,active,reviewed,reviewed_event_chain
CNUR-000190,益阳地区,1987,1993,active,reviewed,reviewed_event_chain
CNUR-000190,益阳市,1994,2026,active,reviewed,reviewed_event_chain
CNUR-000191,,1987,1993,not_established,inferred,event_chain_inference
CNUR-000191,郴州市,1994,2026,active,reviewed,reviewed_event_chain
CNUR-000192,零陵地区,1987,1994,active,reviewed,reviewed_event_chain
CNUR-000192,永州市,1995,2026,active,reviewed,reviewed_event_chain
CNUR-000193,怀化地区,1987,1996,active,reviewed,reviewed_event_chain
CNUR-000193,怀化市,1997,2026,active,reviewed,reviewed_event_chain
CNUR-000194,娄底地区,1987,1998,active,reviewed,reviewed_event_chain
CNUR-000194,娄底市,1999,2026,active,reviewed,reviewed_event_chain
CNUR-000195,湘西土家族苗族自治州,1987,2026,active,reviewed,reviewed_event_chain
CNUR-000196,广州市,1987,2026,active,reviewed,reviewed_event_chain
CNUR-000197,韶关市,1987,2026,active,reviewed,reviewed_event_chain
CNUR-000198,深圳市,1987,2026,active,reviewed,reviewed_event_chain
CNUR-000199,珠海市,1987,2026,active,reviewed,reviewed_event_chain
CNUR-000200,汕头市,1987,2026,active,reviewed,reviewed_event_chain
CNUR-000201,佛山市,1987,2026,active,reviewed,reviewed_event_chain
CNUR-000202,江门市,1987,2026,active,reviewed,reviewed_event_chain
CNUR-000203,湛江市,1987,2026,active,reviewed,reviewed_event_chain
CNUR-000204,茂名市,1987,2026,active,reviewed,reviewed_event_chain
CNUR-000205,肇庆地区,1987,1987,active,reviewed,reviewed_event_chain
CNUR-000205,肇庆市,1988,2026,active,reviewed,reviewed_event_chain
CNUR-000206,,1987,1987,not_established,inferred,event_chain_inference
CNUR-000206,惠州市,1988,2026,active,reviewed,reviewed_event_chain
CNUR-000207,梅县地区,1987,1987,active,reviewed,reviewed_event_chain
CNUR-000207,梅州市,1988,2026,active,reviewed,reviewed_event_chain
CNUR-000208,,1987,1987,not_established,inferred,event_chain_inference
CNUR-000208,汕尾市,1988,2026,active,reviewed,reviewed_event_chain
CNUR-000209,,1987,1987,not_established,inferred,event_chain_inference
CNUR-000209,河源市,1988,2026,active,reviewed,reviewed_event_chain
CNUR-000210,,1987,1987,not_established,inferred,event_chain_inference
CNUR-000210,阳江市,1988,2026,active,reviewed,reviewed_event_chain
CNUR-000211,,1987,1987,not_established,inferred,event_chain_inference
CNUR-000211,清远市,1988,2026,active,reviewed,reviewed_event_chain
CNUR-000212,东莞市,1987,2026,active,reviewed,reviewed_event_chain
CNUR-000213,中山市,1987,2026,active,reviewed,reviewed_event_chain
CNUR-000214,潮州市,1987,2026,active,reviewed,reviewed_event_chain
CNUR-000215,揭阳市,1987,2026,active,reviewed,reviewed_event_chain
CNUR-000216,云浮市,1987,2026,active,reviewed,reviewed_event_chain
CNUR-000217,南宁市,1987,2026,active,reviewed,reviewed_event_chain
CNUR-000218,柳州市,1987,2026,active,reviewed,reviewed_event_chain
CNUR-000219,桂林市,1987,2026,active,reviewed,reviewed_event_chain
CNUR-000220,梧州市,1987,2026,active,reviewed,reviewed_event_chain
CNUR-000221,北海市,1987,2026,active,reviewed,reviewed_event_chain
CNUR-000222,,1987,1992,not_established,inferred,event_chain_inference
CNUR-000222,防城港市,1993,2026,active,reviewed,reviewed_event_chain
CNUR-000223,钦州地区,1987,1993,active,reviewed,reviewed_event_chain
CNUR-000223,钦州市,1994,2026,active,reviewed,reviewed_event_chain
CNUR-000224,贵港市,1987,2026,active,reviewed,reviewed_event_chain
CNUR-000225,玉林地区,1987,1996,active,reviewed,reviewed_event_chain
CNUR-000225,玉林市,1997,2026,active,reviewed,reviewed_event_chain
CNUR-000226,百色地区,1987,2001,active,reviewed,reviewed_event_chain
CNUR-000226,百色市,2002,2026,active,reviewed,existing_2000_2024_roster
CNUR-000227,梧州地区,1987,1996,active,reviewed,reviewed_event_chain
CNUR-000227,贺州地区,1997,2001,active,reviewed,reviewed_event_chain
CNUR-000227,贺州市,2002,2026,active,reviewed,existing_2000_2024_roster
CNUR-000228,河池地区,1987,2001,active,reviewed,reviewed_event_chain
CNUR-000228,河池市,2002,2026,active,reviewed,existing_2000_2024_roster
CNUR-000229,柳州地区,1987,2001,active,reviewed,reviewed_event_chain
CNUR-000229,来宾市,2002,2026,active,reviewed,existing_2000_2024_roster
CNUR-000230,,1987,2001,not_established,inferred,event_chain_inference
CNUR-000230,崇左市,2002,2026,active,reviewed,existing_2000_2024_roster
CNUR-000231,海口市,1987,2026,active,reviewed,reviewed_event_chain
CNUR-000232,三亚市,1987,2026,active,reviewed,reviewed_event_chain
CNUR-000233,,1987,2011,not_established,inferred,event_chain_inference
CNUR-000233,三沙市,2012,2026,active,reviewed,existing_2000_2024_roster
CNUR-000234,儋州市,1987,1999,active,reviewed,reviewed_event_chain
CNUR-000234,,2000,2014,not_prefecture_level,reviewed,existing_2000_2024_roster
CNUR-000234,儋州市,2015,2026,active,reviewed,existing_2000_2024_roster
CNUR-000235,重庆市,1987,2026,active,reviewed,reviewed_event_chain
CNUR-000236,成都市,1987,2026,active,reviewed,reviewed_event_chain
CNUR-000237,自贡市,1987,2026,active,reviewed,reviewed_event_chain
CNUR-000238,攀枝花市,1987,2026,active,reviewed,reviewed_event_chain
CNUR-000239,泸州市,1987,2026,active,reviewed,reviewed_event_chain
CNUR-000240,德阳市,1987,2026,active,reviewed,reviewed_event_chain
CNUR-000241,绵阳市,1987,2026,active,reviewed,reviewed_event_chain
CNUR-000242,广元市,1987,2026,active,reviewed,reviewed_event_chain
CNUR-000243,遂宁市,1987,2026,active,reviewed,reviewed_event_chain
CNUR-000244,内江市,1987,2026,active,reviewed,reviewed_event_chain
CNUR-000245,乐山市,1987,2026,active,reviewed,reviewed_event_chain
CNUR-000246,南充地区,1987,1992,active,reviewed,reviewed_event_chain
CNUR-000246,南充市,1993,2026,active,reviewed,reviewed_event_chain
CNUR-000247,,1987,1996,not_established,inferred,event_chain_inference
CNUR-000247,眉山地区,1997,1999,active,reviewed,reviewed_event_chain
CNUR-000247,眉山市,2000,2026,active,reviewed,existing_2000_2024_roster
CNUR-000248,宜宾地区,1987,1995,active,reviewed,reviewed_event_chain
CNUR-000248,宜宾市,1996,2026,active,reviewed,reviewed_event_chain
CNUR-000249,广安地区,1987,1997,active,reviewed,reviewed_event_chain
CNUR-000249,广安市,1998,2026,active,reviewed,reviewed_event_chain
CNUR-000250,达川地区,1987,1998,active,reviewed,reviewed_event_chain
CNUR-000250,达州市,1999,2026,active,reviewed,reviewed_event_chain
CNUR-000251,雅安地区,1987,1999,active,reviewed,reviewed_event_chain
CNUR-000251,雅安市,2000,2026,active,reviewed,existing_2000_2024_roster
CNUR-000252,巴中地区,1987,1999,active,reviewed,reviewed_event_chain
CNUR-000252,巴中市,2000,2026,active,reviewed,existing_2000_2024_roster
CNUR-000253,,1987,1997,not_established,inferred,event_chain_inference
CNUR-000253,资阳地区,1998,1999,active,reviewed,reviewed_event_chain
CNUR-000253,资阳市,2000,2026,active,reviewed,existing_2000_2024_roster
CNUR-000254,阿坝藏族羌族自治州,1987,2026,active,reviewed,reviewed_event_chain
CNUR-000255,甘孜藏族自治州,1987,2026,active,reviewed,reviewed_event_chain
CNUR-000256,凉山彝族自治州,1987,2026,active,reviewed,reviewed_event_chain
CNUR-000257,贵阳市,1987,2026,active,reviewed,reviewed_event_chain
CNUR-000258,六盘水市,1987,2026,active,reviewed,reviewed_event_chain
CNUR-000259,遵义地区,1987,1996,active,reviewed,reviewed_event_chain
CNUR-000259,遵义市,1997,2026,active,reviewed,reviewed_event_chain
CNUR-000260,安顺地区,1987,1999,active,reviewed,reviewed_event_chain
CNUR-000260,安顺市,2000,2026,active,reviewed,existing_2000_2024_roster
CNUR-000261,毕节地区,1987,2010,active,reviewed,reviewed_event_chain
CNUR-000261,毕节市,2011,2026,active,reviewed,existing_2000_2024_roster
CNUR-000262,铜仁地区,1987,2010,active,reviewed,reviewed_event_chain
CNUR-000262,铜仁市,2011,2026,active,reviewed,existing_2000_2024_roster
CNUR-000263,黔西南布依族苗族自治州,1987,2026,active,reviewed,reviewed_event_chain
CNUR-000264,黔东南苗族侗族自治州,1987,2026,active,reviewed,reviewed_event_chain
CNUR-000265,黔南布依族苗族自治州,1987,2026,active,reviewed,reviewed_event_chain
CNUR-000266,昆明市,1987,2026,active,reviewed,reviewed_event_chain
CNUR-000267,曲靖地区,1987,1996,active,reviewed,reviewed_event_chain
CNUR-000267,曲靖市,1997,2026,active,reviewed,reviewed_event_chain
CNUR-000268,玉溪地区,1987,1996,active,reviewed,reviewed_event_chain
CNUR-000268,玉溪市,1997,2026,active,reviewed,reviewed_event_chain
CNUR-000269,保山地区,1987,1999,active,reviewed,reviewed_event_chain
CNUR-000269,保山市,2000,2026,active,reviewed,existing_2000_2024_roster
CNUR-000270,昭通地区,1987,2000,active,reviewed,reviewed_event_chain
CNUR-000270,昭通市,2001,2026,active,reviewed,existing_2000_2024_roster
CNUR-000271,丽江地区,1987,2001,active,reviewed,reviewed_event_chain
CNUR-000271,丽江市,2002,2026,active,reviewed,existing_2000_2024_roster
CNUR-000272,思茅地区,1987,2002,active,reviewed,reviewed_event_chain
CNUR-000272,思茅市,2003,2006,active,reviewed,existing_2000_2024_roster
CNUR-000272,普洱市,2007,2026,active,reviewed,existing_2000_2024_roster
CNUR-000273,临沧市,1987,1999,active,reviewed,reviewed_event_chain
CNUR-000273,临沧地区,2000,2002,active,reviewed,existing_2000_2024_roster
CNUR-000273,临沧市,2003,2026,active,reviewed,existing_2000_2024_roster
CNUR-000274,楚雄彝族自治州,1987,2026,active,reviewed,reviewed_event_chain
CNUR-000275,红河哈尼族彝族自治州,1987,2026,active,reviewed,reviewed_event_chain
CNUR-000276,文山壮族苗族自治州,1987,2026,active,reviewed,reviewed_event_chain
CNUR-000277,西双版纳傣族自治州,1987,2026,active,reviewed,reviewed_event_chain
CNUR-000278,大理白族自治州,1987,2026,active,reviewed,reviewed_event_chain
CNUR-000279,德宏傣族景颇族自治州,1987,2026,active,reviewed,reviewed_event_chain
CNUR-000280,怒江傈僳族自治州,1987,2026,active,reviewed,reviewed_event_chain
CNUR-000281,迪庆藏族自治州,1987,2026,active,reviewed,reviewed_event_chain
CNUR-000282,拉萨市,1987,2026,active,reviewed,reviewed_event_chain
CNUR-000283,日喀则地区,1987,2013,active,reviewed,reviewed_event_chain
CNUR-000283,日喀则市,2014,2026,active,reviewed,existing_2000_2024_roster
CNUR-000284,昌都市,1987,1999,active,reviewed,reviewed_event_chain
CNUR-000284,昌都地区,2000,2013,active,reviewed,existing_2000_2024_roster
CNUR-000284,昌都市,2014,2026,active,reviewed,existing_2000_2024_roster
CNUR-000285,林芝地区,1987,2014,active,reviewed,reviewed_event_chain
CNUR-000285,林芝市,2015,2026,active,reviewed,existing_2000_2024_roster
CNUR-000286,山南地区,1987,2015,active,reviewed,reviewed_event_chain
CNUR-000286,山南市,2016,2026,active,reviewed,existing_2000_2024_roster
CNUR-000287,那曲地区,1987,2016,active,reviewed,reviewed_event_chain
CNUR-000287,那曲市,2017,2026,active,reviewed,existing_2000_2024_roster
CNUR-000288,阿里地区,1987,2026,active,reviewed,reviewed_event_chain
CNUR-000289,西安市,1987,2026,active,reviewed,reviewed_event_chain
CNUR-000290,铜川市,1987,2026,active,reviewed,reviewed_event_chain
CNUR-000291,宝鸡市,1987,2026,active,reviewed,reviewed_event_chain
CNUR-000292,咸阳市,1987,2026,active,reviewed,reviewed_event_chain
CNUR-000293,渭南地区,1987,1993,active,reviewed,reviewed_event_chain
CNUR-000293,渭南市,1994,2026,active,reviewed,reviewed_event_chain
CNUR-000294,延安地区,1987,1995,active,reviewed,reviewed_event_chain
CNUR-000294,延安市,1996,2026,active,reviewed,reviewed_event_chain
CNUR-000295,汉中地区,1987,1995,active,reviewed,reviewed_event_chain
CNUR-000295,汉中市,1996,2026,active,reviewed,reviewed_event_chain
CNUR-000296,榆林地区,1987,1998,active,reviewed,reviewed_event_chain
CNUR-000296,榆林市,1999,2026,active,reviewed,reviewed_event_chain
CNUR-000297,安康地区,1987,1999,active,reviewed,reviewed_event_chain
CNUR-000297,安康市,2000,2026,active,reviewed,existing_2000_2024_roster
CNUR-000298,商洛地区,1987,2000,active,reviewed,reviewed_event_chain
CNUR-000298,商洛市,2001,2026,active,reviewed,existing_2000_2024_roster
CNUR-000299,兰州市,1987,2026,active,reviewed,reviewed_event_chain
CNUR-000300,嘉峪关市,1987,2026,active,reviewed,reviewed_event_chain
CNUR-000301,金昌市,1987,2026,active,reviewed,reviewed_event_chain
CNUR-000302,白银市,1987,2026,active,reviewed,reviewed_event_chain
CNUR-000303,天水市,1987,2026,active,reviewed,reviewed_event_chain
CNUR-000304,武威地区,1987,2000,active,reviewed,reviewed_event_chain
CNUR-000304,武威市,2001,2026,active,reviewed,existing_2000_2024_roster
CNUR-000305,张掖地区,1987,2001,active,reviewed,reviewed_event_chain
CNUR-000305,张掖市,2002,2026,active,reviewed,existing_2000_2024_roster
CNUR-000306,平凉地区,1987,2001,active,reviewed,reviewed_event_chain
CNUR-000306,平凉市,2002,2026,active,reviewed,existing_2000_2024_roster
CNUR-000307,酒泉地区,1987,2001,active,reviewed,reviewed_event_chain
CNUR-000307,酒泉市,2002,2026,active,reviewed,existing_2000_2024_roster
CNUR-000308,庆阳地区,1987,2001,active,reviewed,reviewed_event_chain
CNUR-000308,庆阳市,2002,2026,active,reviewed,existing_2000_2024_roster
CNUR-000309,定西地区,1987,2002,active,reviewed,reviewed_event_chain
CNUR-000309,定西市,2003,2026,active,reviewed,existing_2000_2024_roster
CNUR-000310,陇南地区,1987,2003,active,reviewed,reviewed_event_chain
CNUR-000310,陇南市,2004,2026,active,reviewed,existing_2000_2024_roster
CNUR-000311,临夏回族自治州,1987,2026,active,reviewed,reviewed_event_chain
CNUR-000312,甘南藏族自治州,1987,2026,active,reviewed,reviewed_event_chain
CNUR-000313,西宁市,1987,2026,active,reviewed,reviewed_event_chain
CNUR-000314,海东地区,1987,2012,active,reviewed,reviewed_event_chain
CNUR-000314,海东市,2013,2026,active,reviewed,existing_2000_2024_roster
CNUR-000315,海北藏族自治州,1987,2026,active,reviewed,reviewed_event_chain
CNUR-000316,黄南藏族自治州,1987,2026,active,reviewed,reviewed_event_chain
CNUR-000317,海南藏族自治州,1987,2026,active,reviewed,reviewed_event_chain
CNUR-000318,果洛藏族自治州,1987,2026,active,reviewed,reviewed_event_chain
CNUR-000319,玉树藏族自治州,1987,2026,active,reviewed,reviewed_event_chain
CNUR-000320,海西蒙古族藏族自治州,1987,2026,active,reviewed,reviewed_event_chain
CNUR-000321,银川市,1987,2026,active,reviewed,reviewed_event_chain
CNUR-000322,石嘴山市,1987,2026,active,reviewed,reviewed_event_chain
CNUR-000323,银南地区,1987,1997,active,reviewed,reviewed_event_chain
CNUR-000323,吴忠市,1998,2026,active,reviewed,reviewed_event_chain
CNUR-000324,固原地区,1987,2000,active,reviewed,reviewed_event_chain
CNUR-000324,固原市,2001,2026,active,reviewed,existing_2000_2024_roster
CNUR-000325,,1987,2002,not_established,inferred,event_chain_inference
CNUR-000325,中卫市,2003,2026,active,reviewed,existing_2000_2024_roster
CNUR-000326,乌鲁木齐市,1987,2026,active,reviewed,reviewed_event_chain
CNUR-000327,克拉玛依市,1987,2026,active,reviewed,reviewed_event_chain
CNUR-000328,吐鲁番地区,1987,2014,active,reviewed,reviewed_event_chain
CNUR-000328,吐鲁番市,2015,2026,active,reviewed,existing_2000_2024_roster
CNUR-000329,哈密地区,1987,2015,active,reviewed,reviewed_event_chain
CNUR-000329,哈密市,2016,2026,active,reviewed,existing_2000_2024_roster
CNUR-000330,昌吉回族自治州,1987,2026,active,reviewed,reviewed_event_chain
CNUR-000331,博尔塔拉蒙古自治州,1987,2026,active,reviewed,reviewed_event_chain
CNUR-000332,巴音郭楞蒙古自治州,1987,2026,active,reviewed,reviewed_event_chain
CNUR-000333,阿克苏地区,1987,2026,active,reviewed,reviewed_event_chain
CNUR-000334,克孜勒苏柯尔克孜自治州,1987,2026,active,reviewed,reviewed_event_chain
CNUR-000335,喀什地区,1987,2026,active,reviewed,reviewed_event_chain
CNUR-000336,和田地区,1987,2026,active,reviewed,reviewed_event_chain
CNUR-000337,伊犁哈萨克自治州,1987,2026,active,reviewed,reviewed_event_chain
CNUR-000338,伊犁地区,1987,2000,active,reviewed,reviewed_event_chain
CNUR-000338,,2001,2026,abolished,reviewed,existing_2000_2024_roster
CNUR-000339,塔城地区,1987,2026,active,reviewed,reviewed_event_chain
CNUR-000340,阿勒泰地区,1987,2026,active,reviewed,reviewed_event_chain
CNUR-000341,,1987,2026,abolished,inferred,event_chain_inference
CNUR-000342,,1987,1991,not_established,inferred,event_chain_inference
CNUR-000342,万县市,1992,1997,active,reviewed,reviewed_event_chain
CNUR-000342,,1998,2026,abolished,inferred,event_chain_inference
CNUR-000343,雁北地区,1987,1992,active,reviewed,reviewed_event_chain
CNUR-000343,,1993,2026,abolished,inferred,event_chain_inference
CNUR-000344,,1987,1994,not_established,inferred,event_chain_inference
CNUR-000344,涪陵市,1995,1997,active,reviewed,reviewed_event_chain
CNUR-000344,,1998,2026,abolished,inferred,event_chain_inference
CNUR-000345,,1987,1987,not_established,inferred,event_chain_inference
CNUR-000345,黔江地区,1988,1997,active,reviewed,reviewed_event_chain
CNUR-000345,,1998,2026,abolished,inferred,event_chain_inference
CNUR-000346,南宁地区,1987,2001,active,reviewed,reviewed_event_chain
CNUR-000346,,2002,2026,abolished,inferred,event_chain_inference
CNUR-000347,惠阳地区,1987,1987,active,reviewed,reviewed_event_chain
CNUR-000347,,1988,2026,abolished,inferred,event_chain_inference
