event_id,year,province_name,event_type,entity_id,old_prefecture_name,new_prefecture_name,approval_date,document_number,automatic_continuity,confidence,normalization_status,review_note,risk_flags,description,source_section,source_url,revision_id,source_row_number
WIKI-1987-001,1987,安徽省,upgrade,CNUR-000106,徽州地区,黄山市,1987-11-27,国函〔1987〕185号,true,high,accepted_rule_extraction,,,"colspan=""3""|徽州地区 |342700 |rowspan=""11""|11月27日国务院批复同意<br>国函〔1987〕185号 |撤销徽州地区，设立黄山市（地级） |colspan=""2""|黄山市 |341000",地级市的增设,https://zh.wikipedia.org/wiki/1987%E5%B9%B4%E4%B8%AD%E5%8D%8E%E4%BA%BA%E6%B0%91%E5%85%B1%E5%92%8C%E5%9B%BD%E5%8E%BF%E7%BA%A7%E4%BB%A5%E4%B8%8A%E8%A1%8C%E6%94%BF%E5%8C%BA%E5%88%92%E5%8F%98%E6%9B%B4%E5%88%97%E8%A1%A8,71416601,2
WIKI-1987-002,1987,浙江省,upgrade,CNUR-000095,舟山地区,舟山市,1987-01-23,国函〔1987〕20号,true,high,accepted_rule_extraction,,,"colspan=""3""|舟山地区 |332800 |rowspan=""5""|1月23日国务院批复同意<br>国函〔1987〕20号 |撤销舟山地区，设立舟山市（地级），实行市管县领导体制 |colspan=""2""|舟山市 |330900",地级市的增设,https://zh.wikipedia.org/wiki/1987%E5%B9%B4%E4%B8%AD%E5%8D%8E%E4%BA%BA%E6%B0%91%E5%85%B1%E5%92%8C%E5%9B%BD%E5%8E%BF%E7%BA%A7%E4%BB%A5%E4%B8%8A%E8%A1%8C%E6%94%BF%E5%8C%BA%E5%88%92%E5%8F%98%E6%9B%B4%E5%88%97%E8%A1%A8,71416601,20
WIKI-1987-003,1987,广东省,abolish,CNUR-000341,海南黎族苗族自治州,,1987-11-20,国函〔1987〕181号,false,medium,accepted_manual_review,abolished historical autonomous prefecture; former counties moved to direct Hainan Administrative Region control,,"rowspan=""10""|海南行政区管辖<br>||colspan=""2""|海南黎族苗族自治州||442200 |rowspan=""10""|11月20日国务院批复同意<br>国函〔1987〕181号 |撤销海南黎族苗族自治州，原自治州所辖市县继续享受少数民族地区各项优惠政策 |colspan=""3""",地级市的增设,https://zh.wikipedia.org/wiki/1987%E5%B9%B4%E4%B8%AD%E5%8D%8E%E4%BA%BA%E6%B0%91%E5%85%B1%E5%92%8C%E5%9B%BD%E5%8E%BF%E7%BA%A7%E4%BB%A5%E4%B8%8A%E8%A1%8C%E6%94%BF%E5%8C%BA%E5%88%92%E5%8F%98%E6%9B%B4%E5%88%97%E8%A1%A8,71416601,26
WIKI-1987-004,1987,四川省,rename,CNUR-000238,渡口市,攀枝花市,1987-01-23,国函〔1987〕19号,true,high,accepted_rule_extraction,,,"colspan=""2"" |渡口市||510400||国务院1月23日批复同意<br>国函〔1987〕19号||将渡口市更名为攀枝花市||colspan=""2"" |攀枝花市",地级行政区划的更名,https://zh.wikipedia.org/wiki/1987%E5%B9%B4%E4%B8%AD%E5%8D%8E%E4%BA%BA%E6%B0%91%E5%85%B1%E5%92%8C%E5%9B%BD%E5%8E%BF%E7%BA%A7%E4%BB%A5%E4%B8%8A%E8%A1%8C%E6%94%BF%E5%8C%BA%E5%88%92%E5%8F%98%E6%9B%B4%E5%88%97%E8%A1%A8,71416601,37
WIKI-1987-005,1987,四川省,rename,CNUR-000254,阿坝藏族自治州,阿坝藏族羌族自治州,1987-07-24,国函〔1987〕125号,true,high,accepted_rule_extraction,,,"colspan=""2"" |阿坝藏族自治州||513200||rowspan=""2""|国务院7月24日批复同意<br>国函〔1987〕125号||将阿坝藏族自治州更名为阿坝藏族羌族自治州||colspan=""2"" |阿坝藏族羌族自治州",地级行政区划的更名,https://zh.wikipedia.org/wiki/1987%E5%B9%B4%E4%B8%AD%E5%8D%8E%E4%BA%BA%E6%B0%91%E5%85%B1%E5%92%8C%E5%9B%BD%E5%8E%BF%E7%BA%A7%E4%BB%A5%E4%B8%8A%E8%A1%8C%E6%94%BF%E5%8C%BA%E5%88%92%E5%8F%98%E6%9B%B4%E5%88%97%E8%A1%A8,71416601,38
WIKI-1988-006,1988,河北省,upgrade,CNUR-000012,廊坊地区,廊坊市,1988-09-13,国函〔1988〕114号,true,high,accepted_rule_extraction,,,"colspan=""2""|廊坊地区 |132800 |rowspan=""10""|9月13日国务院批复同意<br>国函〔1988〕114号 |撤销廊坊地区，设立廊坊市（地级），实行市县领导体制 |colspan=""2""|廊坊市 |131000",地级市的增设与调整,https://zh.wikipedia.org/wiki/1988%E5%B9%B4%E4%B8%AD%E5%8D%8E%E4%BA%BA%E6%B0%91%E5%85%B1%E5%92%8C%E5%9B%BD%E5%8E%BF%E7%BA%A7%E4%BB%A5%E4%B8%8A%E8%A1%8C%E6%94%BF%E5%8C%BA%E5%88%92%E5%8F%98%E6%9B%B4%E5%88%97%E8%A1%A8,93182311,2
WIKI-1988-007,1988,山西省,establish,CNUR-000019,,朔州市,1988-03-24,国函〔1988〕50号,false,medium,accepted_manual_review,朔州市 was explicitly established as a prefecture-level city,,"colspan=""3""| ||rowspan=""3""|3月24日国务院批复同意<br>国函〔1988〕50号||rowspan=""3""|撤销朔县、平鲁县，设立朔州市（地级）和朔州市朔城区、平鲁区<br>以原朔县的行政区域为朔城区的行政区域，以原平鲁县的行政区域为平鲁区的行政区域||colspan=""2""|朔州市||140600",地级市的增设与调整,https://zh.wikipedia.org/wiki/1988%E5%B9%B4%E4%B8%AD%E5%8D%8E%E4%BA%BA%E6%B0%91%E5%85%B1%E5%92%8C%E5%9B%BD%E5%8E%BF%E7%BA%A7%E4%BB%A5%E4%B8%8A%E8%A1%8C%E6%94%BF%E5%8C%BA%E5%88%92%E5%8F%98%E6%9B%B4%E5%88%97%E8%A1%A8,93182311,13
WIKI-1988-008,1988,湖南省,upgrade,CNUR-000188,常德地区,常德市,1988-01-23,国函〔1988〕23号,true,high,accepted_rule_extraction,,,"colspan=""2""|常德地区 |432400 |rowspan=""11""|1月23日国务院批复同意<br>国函〔1988〕23号 |rowspan=""3""|撤销常德地区、常德县，实行市县领导体制，常德市升格为地级市<br>设立常德市武陵区，以原常德市全部和常德县部分乡镇行政区域为武陵区行政区域；设立常德市鼎城区，以原常德县剩余乡镇行政区域为鼎城区行政区域 |colspan=""2""|常德市 |430700",地级市的增设与调整,https://zh.wikipedia.org/wiki/1988%E5%B9%B4%E4%B8%AD%E5%8D%8E%E4%BA%BA%E6%B0%91%E5%85%B1%E5%92%8C%E5%9B%BD%E5%8E%BF%E7%BA%A7%E4%BB%A5%E4%B8%8A%E8%A1%8C%E6%94%BF%E5%8C%BA%E5%88%92%E5%8F%98%E6%9B%B4%E5%88%97%E8%A1%A8,93182311,17
WIKI-1988-009,1988,广东省,upgrade,CNUR-000205,肇庆地区,肇庆市,1988-01-07,国函〔1988〕6号,true,high,accepted_rule_extraction,,,"colspan=""2""|肇庆地区 |442800 |rowspan=""49""|1月7日国务院批复同意<br>国函〔1988〕6号 |rowspan=""3""|撤销肇庆地区，将肇庆市升为地级市；设立肇庆市端州区、鼎湖区 |colspan=""2""|肇庆市 |441200",地级市的增设与调整,https://zh.wikipedia.org/wiki/1988%E5%B9%B4%E4%B8%AD%E5%8D%8E%E4%BA%BA%E6%B0%91%E5%85%B1%E5%92%8C%E5%9B%BD%E5%8E%BF%E7%BA%A7%E4%BB%A5%E4%B8%8A%E8%A1%8C%E6%94%BF%E5%8C%BA%E5%88%92%E5%8F%98%E6%9B%B4%E5%88%97%E8%A1%A8,93182311,32
WIKI-1988-010,1988,广东省,split,CNUR-000347,惠阳地区,惠州市,,,false,medium,accepted_manual_review,惠阳地区撤销并形成惠州、汕尾、河源三个主要后继实体,multi_entity_relation,"colspan=""2""|惠阳地区 |442500 |rowspan=""2""|撤销惠阳地区，将惠州市升为地级市；设立惠州市惠城区 |colspan=""2""|惠州市 |441300",地级市的增设与调整,https://zh.wikipedia.org/wiki/1988%E5%B9%B4%E4%B8%AD%E5%8D%8E%E4%BA%BA%E6%B0%91%E5%85%B1%E5%92%8C%E5%9B%BD%E5%8E%BF%E7%BA%A7%E4%BB%A5%E4%B8%8A%E8%A1%8C%E6%94%BF%E5%8C%BA%E5%88%92%E5%8F%98%E6%9B%B4%E5%88%97%E8%A1%A8,93182311,45
WIKI-1988-011,1988,广东省,establish,CNUR-000208,,汕尾市,,,false,medium,accepted_manual_review,汕尾市 was explicitly established as a prefecture-level city,,"rowspan=""3""|海丰县||rowspan=""3""|442531||rowspan=""2""|设立汕尾市（地级）和汕尾市城区，以海丰县部分镇为汕尾市城区的行政区域||colspan=""2""|汕尾市||441500",地级市的增设与调整,https://zh.wikipedia.org/wiki/1988%E5%B9%B4%E4%B8%AD%E5%8D%8E%E4%BA%BA%E6%B0%91%E5%85%B1%E5%92%8C%E5%9B%BD%E5%8E%BF%E7%BA%A7%E4%BB%A5%E4%B8%8A%E8%A1%8C%E6%94%BF%E5%8C%BA%E5%88%92%E5%8F%98%E6%9B%B4%E5%88%97%E8%A1%A8,93182311,50
WIKI-1988-012,1988,广东省,establish,CNUR-000209,,河源市,,,false,medium,accepted_manual_review,河源市 was explicitly established as a prefecture-level city,,"rowspan=""3""|河源县||rowspan=""3""|442525||rowspan=""3""|撤销河源县，设立河源市（地级）和河源市源城区、郊区||colspan=""2""|河源市||441600",地级市的增设与调整,https://zh.wikipedia.org/wiki/1988%E5%B9%B4%E4%B8%AD%E5%8D%8E%E4%BA%BA%E6%B0%91%E5%85%B1%E5%92%8C%E5%9B%BD%E5%8E%BF%E7%BA%A7%E4%BB%A5%E4%B8%8A%E8%A1%8C%E6%94%BF%E5%8C%BA%E5%88%92%E5%8F%98%E6%9B%B4%E5%88%97%E8%A1%A8,93182311,56
WIKI-1988-013,1988,广东省,upgrade,CNUR-000207,梅县地区,梅州市,,,true,high,accepted_rule_extraction,,,"colspan=""2""|梅县地区 |442400 |rowspan=""3""|撤销梅县地区，设立梅州市（地级）<br>撤销梅县市，分设梅县、梅州市梅江区<br>梅县由梅州市管辖 |colspan=""2""|梅州市 |441400",地级市的增设与调整,https://zh.wikipedia.org/wiki/1988%E5%B9%B4%E4%B8%AD%E5%8D%8E%E4%BA%BA%E6%B0%91%E5%85%B1%E5%92%8C%E5%9B%BD%E5%8E%BF%E7%BA%A7%E4%BB%A5%E4%B8%8A%E8%A1%8C%E6%94%BF%E5%8C%BA%E5%88%92%E5%8F%98%E6%9B%B4%E5%88%97%E8%A1%A8,93182311,64
WIKI-1988-014,1988,广东省,establish,CNUR-000210,,阳江市,,,false,medium,accepted_manual_review,阳江市 was explicitly established as a prefecture-level city,,"rowspan=""4""|江门市管辖||rowspan=""4""|阳江县||rowspan=""4""|440726||rowspan=""4""|撤销阳江县，设立阳江市（地级）、阳西县和阳江市江城区、阳东区<br>阳西县由阳江市管辖||colspan=""2""|阳江市||441700",地级市的增设与调整,https://zh.wikipedia.org/wiki/1988%E5%B9%B4%E4%B8%AD%E5%8D%8E%E4%BA%BA%E6%B0%91%E5%85%B1%E5%92%8C%E5%9B%BD%E5%8E%BF%E7%BA%A7%E4%BB%A5%E4%B8%8A%E8%A1%8C%E6%94%BF%E5%8C%BA%E5%88%92%E5%8F%98%E6%9B%B4%E5%88%97%E8%A1%A8,93182311,73
WIKI-1988-015,1988,广东省,establish,CNUR-000211,,清远市,,,false,medium,accepted_manual_review,清远市 was explicitly established as a prefecture-level city,,"rowspan=""3""|广州市管辖||rowspan=""3""|清远县||rowspan=""3""|440127||rowspan=""3""|撤销清远县，设立清远市（地级）和清远市清城区、清郊区||colspan=""2""|清远市||441800",地级市的增设与调整,https://zh.wikipedia.org/wiki/1988%E5%B9%B4%E4%B8%AD%E5%8D%8E%E4%BA%BA%E6%B0%91%E5%85%B1%E5%92%8C%E5%9B%BD%E5%8E%BF%E7%BA%A7%E4%BB%A5%E4%B8%8A%E8%A1%8C%E6%94%BF%E5%8C%BA%E5%88%92%E5%8F%98%E6%9B%B4%E5%88%97%E8%A1%A8,93182311,77
WIKI-1988-016,1988,安徽省,merge,CNUR-000105,安庆地区,安庆市,1988-08-17,国函〔1988〕105号,false,medium,accepted_manual_review,安庆地区 and the existing city were merged into the unified 安庆市,,"colspan=""2""|安庆地区||342800 |rowspan=""13""|8月17日国务院批复同意<br>国函〔1988〕105号 |撤销安庆地区与原安庆市，实行地市合并，设立新的安庆市 |colspan=""3""",地区的增设,https://zh.wikipedia.org/wiki/1988%E5%B9%B4%E4%B8%AD%E5%8D%8E%E4%BA%BA%E6%B0%91%E5%85%B1%E5%92%8C%E5%9B%BD%E5%8E%BF%E7%BA%A7%E4%BB%A5%E4%B8%8A%E8%A1%8C%E6%94%BF%E5%8C%BA%E5%88%92%E5%8F%98%E6%9B%B4%E5%88%97%E8%A1%A8,93182311,82
WIKI-1988-017,1988,安徽省,establish_prefecture,CNUR-000113,,池州地区,,,false,medium,accepted_manual_review,池州地区 later continued as the Chizhou research entity,,"colspan=""2""| ||设立池州地区||colspan=""2""|池州地区||342900",地区的增设,https://zh.wikipedia.org/wiki/1988%E5%B9%B4%E4%B8%AD%E5%8D%8E%E4%BA%BA%E6%B0%91%E5%85%B1%E5%92%8C%E5%9B%BD%E5%8E%BF%E7%BA%A7%E4%BB%A5%E4%B8%8A%E8%A1%8C%E6%94%BF%E5%8C%BA%E5%88%92%E5%8F%98%E6%9B%B4%E5%88%97%E8%A1%A8,93182311,91
WIKI-1988-018,1988,福建省,rename,CNUR-000121,建阳地区,南平地区,1988-10-24,国函〔1988〕128号,true,high,accepted_manual_review,建阳地区 renamed 南平地区 and later became 南平市,,建阳地区||352100||国务院10月24日批复同意<br>国函〔1988〕128号||将建阳地区驻地由建阳县迁至南平市<br>建阳地区更名为南平地区||南平地区,地区的驻地迁移与更名,https://zh.wikipedia.org/wiki/1988%E5%B9%B4%E4%B8%AD%E5%8D%8E%E4%BA%BA%E6%B0%91%E5%85%B1%E5%92%8C%E5%9B%BD%E5%8E%BF%E7%BA%A7%E4%BB%A5%E4%B8%8A%E8%A1%8C%E6%94%BF%E5%8C%BA%E5%88%92%E5%8F%98%E6%9B%B4%E5%88%97%E8%A1%A8,93182311,102
WIKI-1992-019,1992,安徽省,upgrade,CNUR-000107,滁县地区,滁州市,1992-12-20,国函〔1992〕201号,true,high,accepted_rule_extraction,,,"colspan=""2""|滁县地区 |342300 |rowspan=""3""|撤销滁县地区和滁州市（县级）<br>设立滁州市（地级）和滁州市琅琊区、南谯区 |colspan=""2""|滁州市 |341100 |rowspan=""9""|国务院12月20日批复同意<br>国函〔1992〕201号",撤销地区，设立地级市（地区）,https://zh.wikipedia.org/wiki/1992%E5%B9%B4%E4%B8%AD%E5%8D%8E%E4%BA%BA%E6%B0%91%E5%85%B1%E5%92%8C%E5%9B%BD%E5%8E%BF%E7%BA%A7%E4%BB%A5%E4%B8%8A%E8%A1%8C%E6%94%BF%E5%8C%BA%E5%88%92%E5%8F%98%E6%9B%B4%E5%88%97%E8%A1%A8,88403920,2
WIKI-1992-020,1992,四川省,upgrade,CNUR-000342,万县地区,万县市,1992-12-11,国函〔1992〕194号,true,high,accepted_manual_review,Wanxian Prefecture continued as the historical prefecture-level Wanxian City until 1997,,"colspan=""2"" id=""5122""|万县地区 |512200 |rowspan=""5""|撤销万县地区及万县市、万县，设立万县市（地级）<br>新设万县市设三个市辖区：龙宝区、天城区和五桥区 |colspan=""2""|万县市 |511200 |rowspan=""13""|国务院12月11日批复同意<br>国函〔1992〕194号",撤销地区，设立地级市（地区）,https://zh.wikipedia.org/wiki/1992%E5%B9%B4%E4%B8%AD%E5%8D%8E%E4%BA%BA%E6%B0%91%E5%85%B1%E5%92%8C%E5%9B%BD%E5%8E%BF%E7%BA%A7%E4%BB%A5%E4%B8%8A%E8%A1%8C%E6%94%BF%E5%8C%BA%E5%88%92%E5%8F%98%E6%9B%B4%E5%88%97%E8%A1%A8,88403920,12
WIKI-1992-021,1992,湖北省,abolish,CNUR-000172,宜昌地区,,1992-07-06,国函〔1992〕72号,false,medium,accepted_manual_review,宜昌地区 merged into the existing 宜昌市,,"colspan=""2""|宜昌地区||422700||撤销宜昌地区||colspan=""3""| ||rowspan=""10""|国务院7月6日批复同意<br>国函〔1992〕72号",地区和地级市合并,https://zh.wikipedia.org/wiki/1992%E5%B9%B4%E4%B8%AD%E5%8D%8E%E4%BA%BA%E6%B0%91%E5%85%B1%E5%92%8C%E5%9B%BD%E5%8E%BF%E7%BA%A7%E4%BB%A5%E4%B8%8A%E8%A1%8C%E6%94%BF%E5%8C%BA%E5%88%92%E5%8F%98%E6%9B%B4%E5%88%97%E8%A1%A8,88403920,26
WIKI-1992-022,1992,吉林省,establish,CNUR-000057,,松原市,1992-06-06,国函〔1992〕60号,false,medium,accepted_manual_review,松原市 was explicitly established as a prefecture-level city,,"rowspan=""5""|白城地区管辖 |rowspan=""2""|扶余市||rowspan=""2""|222303 |rowspan=""2""|撤销扶余市，设立松原市（地级）<br>设立松原市扶余区 |colspan=""2""|松原市||220700 |rowspan=""5""|国务院6月6日批复同意<br>国函〔1992〕60号",新设地级市,https://zh.wikipedia.org/wiki/1992%E5%B9%B4%E4%B8%AD%E5%8D%8E%E4%BA%BA%E6%B0%91%E5%85%B1%E5%92%8C%E5%9B%BD%E5%8E%BF%E7%BA%A7%E4%BB%A5%E4%B8%8A%E8%A1%8C%E6%94%BF%E5%8C%BA%E5%88%92%E5%8F%98%E6%9B%B4%E5%88%97%E8%A1%A8,88403920,37
WIKI-1992-023,1992,山东省,rename,CNUR-000150,惠民地区,滨州地区,1992-02-12,国函〔1992〕15号,true,high,accepted_manual_review,惠民地区 renamed 滨州地区 and later became 滨州市,,"colspan=""2""|惠民地区||372300 |惠民地区更名为滨州地区 |colspan=""2""|滨州地区 |国务院批准<br>民政部2月12日批复同意<br>国函〔1992〕15号",地级行政区划更名,https://zh.wikipedia.org/wiki/1992%E5%B9%B4%E4%B8%AD%E5%8D%8E%E4%BA%BA%E6%B0%91%E5%85%B1%E5%92%8C%E5%9B%BD%E5%8E%BF%E7%BA%A7%E4%BB%A5%E4%B8%8A%E8%A1%8C%E6%94%BF%E5%8C%BA%E5%88%92%E5%8F%98%E6%9B%B4%E5%88%97%E8%A1%A8,88403920,47
WIKI-1993-024,1993,吉林省,upgrade,CNUR-000058,白城地区,白城市,1993-06-14,国函〔1993〕87号,true,high,accepted_rule_extraction,,,"colspan=""2"" |白城地区 |222300 |rowspan=""2""|撤销白城地区，设立白城市（地级）<br>撤销白城市（县级），设立白城市洮北区（县级） |colspan=""2""|白城市||220800 |rowspan=""6""|国务院6月14日批复同意<br>国函〔1993〕87号",撤销地区，设立地级市（地区）,https://zh.wikipedia.org/wiki/1993%E5%B9%B4%E4%B8%AD%E5%8D%8E%E4%BA%BA%E6%B0%91%E5%85%B1%E5%92%8C%E5%9B%BD%E5%8E%BF%E7%BA%A7%E4%BB%A5%E4%B8%8A%E8%A1%8C%E6%94%BF%E5%8C%BA%E5%88%92%E5%8F%98%E6%9B%B4%E5%88%97%E8%A1%A8,91124767,2
WIKI-1993-025,1993,黑龙江省,upgrade,CNUR-000070,黑河地区,黑河市,1993-02-08,国函〔1994〕12号,true,high,accepted_rule_extraction,,document_year_differs_from_page_year,"colspan=""2"" |黑河地区 |232600 |rowspan=""2""|撤销黑河地区，设立黑河市（地级）<br>撤销黑河市（县级），设立黑河市爱辉区（县级） |colspan=""2""|黑河市||231100 |rowspan=""8""|国务院2月8日批复同意<br>国函〔1994〕12号",撤销地区，设立地级市（地区）,https://zh.wikipedia.org/wiki/1993%E5%B9%B4%E4%B8%AD%E5%8D%8E%E4%BA%BA%E6%B0%91%E5%85%B1%E5%92%8C%E5%9B%BD%E5%8E%BF%E7%BA%A7%E4%BB%A5%E4%B8%8A%E8%A1%8C%E6%94%BF%E5%8C%BA%E5%88%92%E5%8F%98%E6%9B%B4%E5%88%97%E8%A1%A8,91124767,9
WIKI-1993-026,1993,湖北省,establish,CNUR-000176,,孝感市,1993-02-08,国函〔1993〕46号,false,medium,accepted_manual_review,孝感市 was explicitly established as a prefecture-level city,,"colspan=""2"" |孝感地区 |232600 |rowspan=""3""|孝感地区和县级孝感市，设立孝感市（地级）<br>孝感市设立孝南区和孝昌县 |colspan=""2""|孝感市||231100 |rowspan=""9""|国务院2月8日批复同意<br>国函〔1993〕46号",撤销地区，设立地级市（地区）,https://zh.wikipedia.org/wiki/1993%E5%B9%B4%E4%B8%AD%E5%8D%8E%E4%BA%BA%E6%B0%91%E5%85%B1%E5%92%8C%E5%9B%BD%E5%8E%BF%E7%BA%A7%E4%BB%A5%E4%B8%8A%E8%A1%8C%E6%94%BF%E5%8C%BA%E5%88%92%E5%8F%98%E6%9B%B4%E5%88%97%E8%A1%A8,91124767,18
WIKI-1993-027,1993,四川省,upgrade,CNUR-000246,南充地区,南充市,1993-07-02,国函〔1993〕96号,true,high,accepted_rule_extraction,,,"colspan=""2"" |南充地区 |512900 |rowspan=""4""|撤销南充地区、南充市和南充县，设立南充市（地级）<br>南充市设立顺庆区、高坪区和嘉陵区 |colspan=""2""|南充市||231100 |rowspan=""16""|国务院7月2日批复同意<br>国函〔1993〕96号",撤销地区，设立地级市（地区）,https://zh.wikipedia.org/wiki/1993%E5%B9%B4%E4%B8%AD%E5%8D%8E%E4%BA%BA%E6%B0%91%E5%85%B1%E5%92%8C%E5%9B%BD%E5%8E%BF%E7%BA%A7%E4%BB%A5%E4%B8%8A%E8%A1%8C%E6%94%BF%E5%8C%BA%E5%88%92%E5%8F%98%E6%9B%B4%E5%88%97%E8%A1%A8,91124767,28
WIKI-1993-028,1993,河北省,merge,CNUR-000003,石家庄地区,,1993-06-19,国函〔1993〕89号,false,medium,accepted_manual_review,石家庄地区 merged into 石家庄市,,"colspan=""2""|石家庄地区||132300||撤销石家庄地区，实行地、市合并||colspan=""3""| ||rowspan=""79""|国务院6月19日批复同意<br>国函〔1993〕89号",地区和地级市合并,https://zh.wikipedia.org/wiki/1993%E5%B9%B4%E4%B8%AD%E5%8D%8E%E4%BA%BA%E6%B0%91%E5%85%B1%E5%92%8C%E5%9B%BD%E5%8E%BF%E7%BA%A7%E4%BB%A5%E4%B8%8A%E8%A1%8C%E6%94%BF%E5%8C%BA%E5%88%92%E5%8F%98%E6%9B%B4%E5%88%97%E8%A1%A8,91124767,44
WIKI-1993-029,1993,山西省,abolish,CNUR-000343,雁北地区,,1993-06-14,国函〔1993〕93号,false,medium,accepted_manual_review,Yanbei was abolished and split between Datong and Shuozhou,multi_entity_relation,"colspan=""2""|雁北地区||142100||撤销雁北地区||colspan=""3""| ||rowspan=""11""|国务院6月14日批复同意<br>国函〔1993〕93号",地区和地级市合并,https://zh.wikipedia.org/wiki/1993%E5%B9%B4%E4%B8%AD%E5%8D%8E%E4%BA%BA%E6%B0%91%E5%85%B1%E5%92%8C%E5%9B%BD%E5%8E%BF%E7%BA%A7%E4%BB%A5%E4%B8%8A%E8%A1%8C%E6%94%BF%E5%8C%BA%E5%88%92%E5%8F%98%E6%9B%B4%E5%88%97%E8%A1%A8,91124767,124
WIKI-1993-030,1993,广西壮族自治区,establish,CNUR-000222,,防城港市,1993-05-23,国函〔1993〕68号,false,medium,accepted_manual_review,防城港市 was explicitly established as a prefecture-level city,,"rowspan=""4""|钦州地区管辖||rowspan=""3""|防城各族自治县|| rowspan=""3"" |452822 ||rowspan=""4""|撤销防城各族自治县和防城港区，设立防城港市（地级）<br>防城港市辖港口、防城两个区和上思县||colspan=""2""|防城港市||450600 |rowspan=""5""|国务院5月23日批复同意<br>国函〔1993〕68号",新设地级市,https://zh.wikipedia.org/wiki/1993%E5%B9%B4%E4%B8%AD%E5%8D%8E%E4%BA%BA%E6%B0%91%E5%85%B1%E5%92%8C%E5%9B%BD%E5%8E%BF%E7%BA%A7%E4%BB%A5%E4%B8%8A%E8%A1%8C%E6%94%BF%E5%8C%BA%E5%88%92%E5%8F%98%E6%9B%B4%E5%88%97%E8%A1%A8,91124767,135
WIKI-1993-031,1993,湖北省,rename,CNUR-000181,鄂西土家族苗族自治州,恩施土家族苗族自治州,1993-04-04,国函〔1993〕36号,true,high,accepted_rule_extraction,,,"colspan=""2""|鄂西土家族苗族自治州||422800 |鄂西土家族苗族自治州更名为恩施土家族苗族自治州 |colspan=""2""|恩施土家族苗族自治州 | 国务院4月4日批复同意<br>国函〔1993〕36号",地级行政区划更名,https://zh.wikipedia.org/wiki/1993%E5%B9%B4%E4%B8%AD%E5%8D%8E%E4%BA%BA%E6%B0%91%E5%85%B1%E5%92%8C%E5%9B%BD%E5%8E%BF%E7%BA%A7%E4%BB%A5%E4%B8%8A%E8%A1%8C%E6%94%BF%E5%8C%BA%E5%88%92%E5%8F%98%E6%9B%B4%E5%88%97%E8%A1%A8,91124767,145
WIKI-1994-032,1994,浙江省,upgrade,CNUR-000096,台州地区,台州市,1994-08-20,国函〔1994〕86号,true,high,accepted_rule_extraction,,,"colspan=""2"" id=""86""|台州地区 |332700 |rowspan=""4""|撤销台州地区和县级黄岩市、椒江市，设立台州市（地级）<br>台州市新设椒江区、黄岩区和路桥区 |colspan=""2""|台州市||331000 |rowspan=""10""|国务院8月20日批复同意<br>国函〔1994〕86号",撤销地区，设立地级市,https://zh.wikipedia.org/wiki/1994%E5%B9%B4%E4%B8%AD%E5%8D%8E%E4%BA%BA%E6%B0%91%E5%85%B1%E5%92%8C%E5%9B%BD%E5%8E%BF%E7%BA%A7%E4%BB%A5%E4%B8%8A%E8%A1%8C%E6%94%BF%E5%8C%BA%E5%88%92%E5%8F%98%E6%9B%B4%E5%88%97%E8%A1%A8,93187675,2
WIKI-1994-033,1994,福建省,upgrade,CNUR-000121,南平地区,南平市,1994-09-05,国函〔1994〕94号,true,high,accepted_rule_extraction,,,"colspan=""2"" id=""94""| 南平地区 |332700 |rowspan=""2""|撤销南平地区和县级南平市，设立地级南平市<br>南平市新设延平区 |colspan=""2""|南平市||331000 |rowspan=""11""|国务院9月5日批复同意<br>国函〔1994〕94号",撤销地区，设立地级市,https://zh.wikipedia.org/wiki/1994%E5%B9%B4%E4%B8%AD%E5%8D%8E%E4%BA%BA%E6%B0%91%E5%85%B1%E5%92%8C%E5%9B%BD%E5%8E%BF%E7%BA%A7%E4%BB%A5%E4%B8%8A%E8%A1%8C%E6%94%BF%E5%8C%BA%E5%88%92%E5%8F%98%E6%9B%B4%E5%88%97%E8%A1%A8,93187675,13
WIKI-1994-034,1994,山东省,upgrade,CNUR-000147,临沂地区,临沂市,1994-12-17,国函〔1994〕131号,true,high,accepted_rule_extraction,,,"colspan=""2"" |临沂地区 |372800 |rowspan=""4""|撤销临沂地区和县级临沂市，设立地级临沂市<br>临沂市设立兰山区、罗庄区和河东区 |colspan=""2""|临沂市||371300 |rowspan=""13""|国务院12月17日批复同意<br>国函〔1994〕131号",撤销地区，设立地级市,https://zh.wikipedia.org/wiki/1994%E5%B9%B4%E4%B8%AD%E5%8D%8E%E4%BA%BA%E6%B0%91%E5%85%B1%E5%92%8C%E5%9B%BD%E5%8E%BF%E7%BA%A7%E4%BB%A5%E4%B8%8A%E8%A1%8C%E6%94%BF%E5%8C%BA%E5%88%92%E5%8F%98%E6%9B%B4%E5%88%97%E8%A1%A8,93187675,25
WIKI-1994-035,1994,山东省,upgrade,CNUR-000148,德州地区,德州市,1994-12-17,国函〔1994〕132号,true,high,accepted_rule_extraction,,,"colspan=""2"" |德州地区 |372400 |rowspan=""2""|撤销德州地区和县级德州市，设立地级德州市<br>德州市设立德城区 |colspan=""2""|德州市||371400 |rowspan=""12""|国务院12月17日批复同意<br>国函〔1994〕132号",撤销地区，设立地级市,https://zh.wikipedia.org/wiki/1994%E5%B9%B4%E4%B8%AD%E5%8D%8E%E4%BA%BA%E6%B0%91%E5%85%B1%E5%92%8C%E5%9B%BD%E5%8E%BF%E7%BA%A7%E4%BB%A5%E4%B8%8A%E8%A1%8C%E6%94%BF%E5%8C%BA%E5%88%92%E5%8F%98%E6%9B%B4%E5%88%97%E8%A1%A8,93187675,38
WIKI-1994-036,1994,河南省,upgrade,CNUR-000164,南阳地区,南阳市,1994-07-01,国函〔1994〕67号,true,high,accepted_rule_extraction,,,"colspan=""2"" |南阳地区 |412900 |rowspan=""3""|撤销南阳地区和县级南阳市、南阳县，设立地级南阳市<br>南阳市新设宛城区和卧龙区 |colspan=""2""|南阳市||411300 |rowspan=""14""|国务院7月1日批复同意<br>国函〔1994〕67号",撤销地区，设立地级市,https://zh.wikipedia.org/wiki/1994%E5%B9%B4%E4%B8%AD%E5%8D%8E%E4%BA%BA%E6%B0%91%E5%85%B1%E5%92%8C%E5%9B%BD%E5%8E%BF%E7%BA%A7%E4%BB%A5%E4%B8%8A%E8%A1%8C%E6%94%BF%E5%8C%BA%E5%88%92%E5%8F%98%E6%9B%B4%E5%88%97%E8%A1%A8,93187675,51
WIKI-1994-037,1994,湖南省,upgrade,CNUR-000190,益阳地区,益阳市,1994-03-07,国函〔1994〕17号,true,high,accepted_rule_extraction,,,"colspan=""2""|益阳地区 |422100 |rowspan=""3""|撤销益阳地区、益阳市和益阳县，设立益阳市（地级）<br>益阳市新设资阳区和赫山区 |colspan=""2""|益阳市||421100 |rowspan=""7""|国务院3月7日批复同意<br>国函〔1994〕17号",撤销地区，设立地级市,https://zh.wikipedia.org/wiki/1994%E5%B9%B4%E4%B8%AD%E5%8D%8E%E4%BA%BA%E6%B0%91%E5%85%B1%E5%92%8C%E5%9B%BD%E5%8E%BF%E7%BA%A7%E4%BB%A5%E4%B8%8A%E8%A1%8C%E6%94%BF%E5%8C%BA%E5%88%92%E5%8F%98%E6%9B%B4%E5%88%97%E8%A1%A8,93187675,66
WIKI-1994-038,1994,湖南省,establish,CNUR-000191,,郴州市,1994-12-17,国函〔1994〕136号,false,medium,accepted_manual_review,郴州市 was explicitly established as a prefecture-level city,,"colspan=""2"" |郴州地区 |412900 |rowspan=""3""|郴州地区、县级郴州市和郴县，设立郴州市（地级）<br>郴州市新设北湖区和苏仙区 |colspan=""2""|郴州市||411300 |rowspan=""12""|国务院12月17日批复同意<br>国函〔1994〕136号",撤销地区，设立地级市,https://zh.wikipedia.org/wiki/1994%E5%B9%B4%E4%B8%AD%E5%8D%8E%E4%BA%BA%E6%B0%91%E5%85%B1%E5%92%8C%E5%9B%BD%E5%8E%BF%E7%BA%A7%E4%BB%A5%E4%B8%8A%E8%A1%8C%E6%94%BF%E5%8C%BA%E5%88%92%E5%8F%98%E6%9B%B4%E5%88%97%E8%A1%A8,93187675,73
WIKI-1994-039,1994,广西壮族自治区,upgrade,CNUR-000223,钦州地区,钦州市,1994-06-28,国函〔1994〕62号,true,high,accepted_rule_extraction,,,"colspan=""2""|钦州地区 |452800 |rowspan=""3""|撤销钦州地区和县级钦州市，设立地级钦州市<br>钦州市新设钦南区和钦北区 |colspan=""2""|钦州市||450700 |rowspan=""5""|国务院6月28日批复同意<br>国函〔1994〕62号",撤销地区，设立地级市,https://zh.wikipedia.org/wiki/1994%E5%B9%B4%E4%B8%AD%E5%8D%8E%E4%BA%BA%E6%B0%91%E5%85%B1%E5%92%8C%E5%9B%BD%E5%8E%BF%E7%BA%A7%E4%BB%A5%E4%B8%8A%E8%A1%8C%E6%94%BF%E5%8C%BA%E5%88%92%E5%8F%98%E6%9B%B4%E5%88%97%E8%A1%A8,93187675,86
WIKI-1994-040,1994,陕西省,upgrade,CNUR-000293,渭南地区,渭南市,1994-12-17,国函〔1994〕135号,true,high,accepted_rule_extraction,,,"colspan=""2"" |渭南地区 |612100 |rowspan=""2""|撤销渭南地区和县级渭南市，设立地级渭南市<br>渭南市新设临渭区 |colspan=""2""|渭南市||610500 |rowspan=""12""|国务院12月17日批复同意<br>国函〔1994〕135号",撤销地区，设立地级市,https://zh.wikipedia.org/wiki/1994%E5%B9%B4%E4%B8%AD%E5%8D%8E%E4%BA%BA%E6%B0%91%E5%85%B1%E5%92%8C%E5%9B%BD%E5%8E%BF%E7%BA%A7%E4%BB%A5%E4%B8%8A%E8%A1%8C%E6%94%BF%E5%8C%BA%E5%88%92%E5%8F%98%E6%9B%B4%E5%88%97%E8%A1%A8,93187675,92
WIKI-1994-041,1994,湖北省,merge,CNUR-000171,郧阳地区,,1994-09-29,国函〔1994〕98号,false,medium,accepted_manual_review,郧阳地区 merged into 十堰市,,"colspan=""2""|郧阳地区||422600 |撤销郧阳地区，与十堰市实行地、市合并 |colspan=""3""| |rowspan=""7""|国务院9月29日批复同意<br>国函〔1994〕98号",地区和地级市合并,https://zh.wikipedia.org/wiki/1994%E5%B9%B4%E4%B8%AD%E5%8D%8E%E4%BA%BA%E6%B0%91%E5%85%B1%E5%92%8C%E5%9B%BD%E5%8E%BF%E7%BA%A7%E4%BB%A5%E4%B8%8A%E8%A1%8C%E6%94%BF%E5%8C%BA%E5%88%92%E5%8F%98%E6%9B%B4%E5%88%97%E8%A1%A8,93187675,126
WIKI-1994-042,1994,湖北省,upgrade,CNUR-000177,荆州地区,荆沙市,1994-09-29,国函〔1994〕99号,true,high,accepted_manual_review,荆州地区 became 荆沙市 and later 荆州市,,"colspan=""2"" rowspan=""2""|沙市市||rowspan=""2""|420400 |rowspan=""5""|撤销荆州地区、沙市市和江陵县，设立荆沙市（地级）<br>荆沙市新设沙市区、荆州区和江陵区 |colspan=""2""|荆沙市||421000 |rowspan=""15""|国务院9月29日批复同意<br>国函〔1994〕99号",地区和地级市合并,https://zh.wikipedia.org/wiki/1994%E5%B9%B4%E4%B8%AD%E5%8D%8E%E4%BA%BA%E6%B0%91%E5%85%B1%E5%92%8C%E5%9B%BD%E5%8E%BF%E7%BA%A7%E4%BB%A5%E4%B8%8A%E8%A1%8C%E6%94%BF%E5%8C%BA%E5%88%92%E5%8F%98%E6%9B%B4%E5%88%97%E8%A1%A8,93187675,133
WIKI-1994-043,1994,辽宁省,rename,CNUR-000050,锦西市,葫芦岛市,1994-09-20,国函〔1994〕97号,true,high,accepted_rule_extraction,,,"colspan=""2""|锦西市||211400 |rowspan=""2""|锦西市更名为葫芦岛市<br>葫芦岛区更名为龙港区 |colspan=""2""|葫芦岛市 |rowspan=""2""|国务院9月20日批复同意<br>国函〔1994〕97号",地级行政区划更名,https://zh.wikipedia.org/wiki/1994%E5%B9%B4%E4%B8%AD%E5%8D%8E%E4%BA%BA%E6%B0%91%E5%85%B1%E5%92%8C%E5%9B%BD%E5%8E%BF%E7%BA%A7%E4%BB%A5%E4%B8%8A%E8%A1%8C%E6%94%BF%E5%8C%BA%E5%88%92%E5%8F%98%E6%9B%B4%E5%88%97%E8%A1%A8,93187675,153
WIKI-1994-044,1994,吉林省,rename,CNUR-000056,浑江市,白山市,1994-01-31,国函〔1994〕8号,true,high,accepted_rule_extraction,,,"colspan=""2""|浑江市||220600 |浑江市更名为白山市 |colspan=""2""|白山市 | 国务院1月31日批复同意<br>国函〔1994〕8号",地级行政区划更名,https://zh.wikipedia.org/wiki/1994%E5%B9%B4%E4%B8%AD%E5%8D%8E%E4%BA%BA%E6%B0%91%E5%85%B1%E5%92%8C%E5%9B%BD%E5%8E%BF%E7%BA%A7%E4%BB%A5%E4%B8%8A%E8%A1%8C%E6%94%BF%E5%8C%BA%E5%88%92%E5%8F%98%E6%9B%B4%E5%88%97%E8%A1%A8,93187675,156
WIKI-1994-045,1994,湖南省,rename,CNUR-000189,大庸市,张家界市,1994-04-04,国函〔1994〕25号,true,high,accepted_rule_extraction,,,"colspan=""2""|大庸市||430800 |大庸市更名为张家界市 |colspan=""2""|张家界市 | 国务院4月4日批复同意<br>国函〔1994〕25号",地级行政区划更名,https://zh.wikipedia.org/wiki/1994%E5%B9%B4%E4%B8%AD%E5%8D%8E%E4%BA%BA%E6%B0%91%E5%85%B1%E5%92%8C%E5%9B%BD%E5%8E%BF%E7%BA%A7%E4%BB%A5%E4%B8%8A%E8%A1%8C%E6%94%BF%E5%8C%BA%E5%88%92%E5%8F%98%E6%9B%B4%E5%88%97%E8%A1%A8,93187675,158
WIKI-1995-046,1995,湖北省,upgrade,CNUR-000178,黄冈地区,黄冈市,1995-12-23,国函〔1995〕130号,true,high,accepted_rule_extraction,,,"colspan=""2""|黄冈地区 |422100 |rowspan=""3""|撤销黄冈地区和黄州市，设立地级黄冈市<br>黄冈市设立黄州区和团风县 |colspan=""2""|黄冈市||421100 |rowspan=""11""|国务院12月23日批复同意<br>国函〔1995〕130号",撤销地区，设立地级市,https://zh.wikipedia.org/wiki/1995%E5%B9%B4%E4%B8%AD%E5%8D%8E%E4%BA%BA%E6%B0%91%E5%85%B1%E5%92%8C%E5%9B%BD%E5%8E%BF%E7%BA%A7%E4%BB%A5%E4%B8%8A%E8%A1%8C%E6%94%BF%E5%8C%BA%E5%88%92%E5%8F%98%E6%9B%B4%E5%88%97%E8%A1%A8,93188363,2
WIKI-1995-047,1995,湖南省,upgrade,CNUR-000192,零陵地区,永州市,1995-11-05,国函〔1995〕110号,true,high,accepted_rule_extraction,,,"colspan=""2""|零陵地区 |432900 |rowspan=""3""|撤销零陵地区和永州市、冷水滩市，设立地级永州市<br>永州市新设芝山区、冷水滩区 |colspan=""2""|永州市||431100 |rowspan=""12""|国务院11月5日批复同意<br>国函〔1995〕110号",撤销地区，设立地级市,https://zh.wikipedia.org/wiki/1995%E5%B9%B4%E4%B8%AD%E5%8D%8E%E4%BA%BA%E6%B0%91%E5%85%B1%E5%92%8C%E5%9B%BD%E5%8E%BF%E7%BA%A7%E4%BB%A5%E4%B8%8A%E8%A1%8C%E6%94%BF%E5%8C%BA%E5%88%92%E5%8F%98%E6%9B%B4%E5%88%97%E8%A1%A8,93188363,14
WIKI-1995-048,1995,四川省,upgrade,CNUR-000344,涪陵地区,涪陵市,1995-11-05,国函〔1995〕106号,true,high,accepted_manual_review,Fuling Prefecture continued as historical prefecture-level Fuling City until 1997,,"colspan=""2""|涪陵地区 |512300 |撤销涪陵地区，设立地级涪陵市 |colspan=""2""|涪陵市 |511400 |rowspan=""7""|国务院11月5日批复同意<br>国函〔1995〕106号",撤销地区，设立地级市,https://zh.wikipedia.org/wiki/1995%E5%B9%B4%E4%B8%AD%E5%8D%8E%E4%BA%BA%E6%B0%91%E5%85%B1%E5%92%8C%E5%9B%BD%E5%8E%BF%E7%BA%A7%E4%BB%A5%E4%B8%8A%E8%A1%8C%E6%94%BF%E5%8C%BA%E5%88%92%E5%8F%98%E6%9B%B4%E5%88%97%E8%A1%A8,93188363,27
WIKI-1996-049,1996,河北省,upgrade,CNUR-000013,衡水地区,衡水市,1996-05-31,国函〔1996〕39号,true,high,accepted_rule_extraction,,,"colspan=""2""|衡水地区 |133000 |撤销衡水地区，设立地级衡水市 |colspan=""2""|衡水市 |131100 |rowspan=""12""|国务院5月31日批复同意<br>国函〔1996〕39号",撤销地区，设立地级市,https://zh.wikipedia.org/wiki/1996%E5%B9%B4%E4%B8%AD%E5%8D%8E%E4%BA%BA%E6%B0%91%E5%85%B1%E5%92%8C%E5%9B%BD%E5%8E%BF%E7%BA%A7%E4%BB%A5%E4%B8%8A%E8%A1%8C%E6%94%BF%E5%8C%BA%E5%88%92%E5%8F%98%E6%9B%B4%E5%88%97%E8%A1%A8,93189391,2
WIKI-1996-050,1996,安徽省,upgrade,CNUR-000108,阜阳地区,阜阳市,1996-01-01,国函〔1996〕1号,true,high,accepted_rule_extraction,,,"colspan=""2""|阜阳地区 |342100 |撤销阜阳地区，设立地级阜阳市 |colspan=""2""|阜阳市 |341200 |rowspan=""13""|国务院1月1日批复同意<br>国函〔1996〕1号",撤销地区，设立地级市,https://zh.wikipedia.org/wiki/1996%E5%B9%B4%E4%B8%AD%E5%8D%8E%E4%BA%BA%E6%B0%91%E5%85%B1%E5%92%8C%E5%9B%BD%E5%8E%BF%E7%BA%A7%E4%BB%A5%E4%B8%8A%E8%A1%8C%E6%94%BF%E5%8C%BA%E5%88%92%E5%8F%98%E6%9B%B4%E5%88%97%E8%A1%A8,93189391,15
WIKI-1996-051,1996,福建省,upgrade,CNUR-000122,龙岩地区,龙岩市,1996-11-20,国函〔1996〕100号,true,high,accepted_rule_extraction,,,"colspan=""2""|龙岩地区 |352600 |撤销龙岩地区，设立地级龙岩市 |colspan=""2""|龙岩市 |511500 |rowspan=""8""|国务院11月20日批复同意<br>国函〔1996〕100号",撤销地区，设立地级市,https://zh.wikipedia.org/wiki/1996%E5%B9%B4%E4%B8%AD%E5%8D%8E%E4%BA%BA%E6%B0%91%E5%85%B1%E5%92%8C%E5%9B%BD%E5%8E%BF%E7%BA%A7%E4%BB%A5%E4%B8%8A%E8%A1%8C%E6%94%BF%E5%8C%BA%E5%88%92%E5%8F%98%E6%9B%B4%E5%88%97%E8%A1%A8,93189391,29
WIKI-1996-052,1996,四川省,upgrade,CNUR-000248,宜宾地区,宜宾市,1996-10-05,国函〔1996〕80号,true,high,accepted_rule_extraction,,,"colspan=""2""|宜宾地区 |512500 |撤销宜宾地区，设立地级宜宾市 |colspan=""2""|宜宾市 |511500 |rowspan=""11""|国务院10月5日批复同意<br>国函〔1996〕80号",撤销地区，设立地级市,https://zh.wikipedia.org/wiki/1996%E5%B9%B4%E4%B8%AD%E5%8D%8E%E4%BA%BA%E6%B0%91%E5%85%B1%E5%92%8C%E5%9B%BD%E5%8E%BF%E7%BA%A7%E4%BB%A5%E4%B8%8A%E8%A1%8C%E6%94%BF%E5%8C%BA%E5%88%92%E5%8F%98%E6%9B%B4%E5%88%97%E8%A1%A8,93189391,38
WIKI-1996-053,1996,陕西省,upgrade,CNUR-000295,汉中地区,汉中市,1996-02-21,国函〔1996〕11号,true,high,accepted_rule_extraction,,,"colspan=""2""|汉中地区 |612300 |撤销汉中地区，设立地级汉中市 |colspan=""2""|汉中市 |610700 |rowspan=""12""|国务院2月21日批复同意<br>国函〔1996〕11号",撤销地区，设立地级市,https://zh.wikipedia.org/wiki/1996%E5%B9%B4%E4%B8%AD%E5%8D%8E%E4%BA%BA%E6%B0%91%E5%85%B1%E5%92%8C%E5%9B%BD%E5%8E%BF%E7%BA%A7%E4%BB%A5%E4%B8%8A%E8%A1%8C%E6%94%BF%E5%8C%BA%E5%88%92%E5%8F%98%E6%9B%B4%E5%88%97%E8%A1%A8,93189391,50
WIKI-1996-054,1996,陕西省,upgrade,CNUR-000294,延安地区,延安市,1996-11-05,国函〔1996〕94号,true,high,accepted_rule_extraction,,,"colspan=""2""|延安地区 |612600 |撤销延安地区，设立地级延安市 |colspan=""2""|延安市 |610600 |rowspan=""14""|国务院11月5日批复同意<br>国函〔1996〕94号",撤销地区，设立地级市,https://zh.wikipedia.org/wiki/1996%E5%B9%B4%E4%B8%AD%E5%8D%8E%E4%BA%BA%E6%B0%91%E5%85%B1%E5%92%8C%E5%9B%BD%E5%8E%BF%E7%BA%A7%E4%BB%A5%E4%B8%8A%E8%A1%8C%E6%94%BF%E5%8C%BA%E5%88%92%E5%8F%98%E6%9B%B4%E5%88%97%E8%A1%A8,93189391,62
WIKI-1996-055,1996,湖北省,rename,CNUR-000177,荆沙市,荆州市,1996-11-20,国函〔1996〕99号,true,high,accepted_rule_extraction,,,荆沙市||421000 |将荆沙市更名为荆州市 |荆州市 | 国务院11月20日批复同意<br>国函〔1996〕99号,地级行政区划更名,https://zh.wikipedia.org/wiki/1996%E5%B9%B4%E4%B8%AD%E5%8D%8E%E4%BA%BA%E6%B0%91%E5%85%B1%E5%92%8C%E5%9B%BD%E5%8E%BF%E7%BA%A7%E4%BB%A5%E4%B8%8A%E8%A1%8C%E6%94%BF%E5%8C%BA%E5%88%92%E5%8F%98%E6%9B%B4%E5%88%97%E8%A1%A8,93189391,99
WIKI-1996-056,1996,四川省,jurisdiction_transfer,CNUR-000345,,,1996-09-05,,false,medium,accepted_manual_review,"multi-entity transition: Wanxian City, Fuling City, and Qianjiang Prefecture were entrusted to Chongqing administration",multi_entity_relation,"万县市||511200||rowspan=""3""|涪陵市、万县市和黔江地区的党政工作和政治、经济社会发展及三峡库区移民工作等，均由重庆市代四川省行使管理职能。||rowspan=""3""|重庆市代管||万县市||rowspan=""3""|中共中央、国务院9月5日批复同意<br>重庆市9月15日行使代管职能",地级市、地区的代管,https://zh.wikipedia.org/wiki/1996%E5%B9%B4%E4%B8%AD%E5%8D%8E%E4%BA%BA%E6%B0%91%E5%85%B1%E5%92%8C%E5%9B%BD%E5%8E%BF%E7%BA%A7%E4%BB%A5%E4%B8%8A%E8%A1%8C%E6%94%BF%E5%8C%BA%E5%88%92%E5%8F%98%E6%9B%B4%E5%88%97%E8%A1%A8,93189391,101
WIKI-1997-057,1997,山东省,upgrade,CNUR-000149,聊城地区,聊城市,1997-08-29,国函〔1997〕82号,true,high,accepted_rule_extraction,,,"colspan=""2""|聊城地区 |372500 |rowspan=""9""|8月29日国务院批复同意<br>国函〔1997〕82号 |撤销聊城地区，设立地级聊城市 |colspan=""2""|聊城市 |371500",撤销地区，设立地级市,https://zh.wikipedia.org/wiki/1997%E5%B9%B4%E4%B8%AD%E5%8D%8E%E4%BA%BA%E6%B0%91%E5%85%B1%E5%92%8C%E5%9B%BD%E5%8E%BF%E7%BA%A7%E4%BB%A5%E4%B8%8A%E8%A1%8C%E6%94%BF%E5%8C%BA%E5%88%92%E5%8F%98%E6%9B%B4%E5%88%97%E8%A1%A8,86945547,2
WIKI-1997-058,1997,河南省,upgrade,CNUR-000165,商丘地区,商丘市,1997-06-10,国函〔1997〕46号,true,high,accepted_rule_extraction,,,"colspan=""2""|商丘地区 |412300 |rowspan=""10""|6月10日国务院批复同意<br>国函〔1997〕46号 |撤销商丘地区，设立地级商丘市 |colspan=""2""|商丘市 |411400",撤销地区，设立地级市,https://zh.wikipedia.org/wiki/1997%E5%B9%B4%E4%B8%AD%E5%8D%8E%E4%BA%BA%E6%B0%91%E5%85%B1%E5%92%8C%E5%9B%BD%E5%8E%BF%E7%BA%A7%E4%BB%A5%E4%B8%8A%E8%A1%8C%E6%94%BF%E5%8C%BA%E5%88%92%E5%8F%98%E6%9B%B4%E5%88%97%E8%A1%A8,86945547,12
WIKI-1997-059,1997,湖南省,upgrade,CNUR-000193,怀化地区,怀化市,1997-04-22,国函〔1997〕105号,true,high,accepted_rule_extraction,,,"colspan=""2""|怀化地区 |433000 |rowspan=""14""|4月22日国务院批复同意<br>国函〔1997〕105号 |撤销怀化地区，设立地级怀化市 |colspan=""2""|怀化市 |431200",撤销地区，设立地级市,https://zh.wikipedia.org/wiki/1997%E5%B9%B4%E4%B8%AD%E5%8D%8E%E4%BA%BA%E6%B0%91%E5%85%B1%E5%92%8C%E5%9B%BD%E5%8E%BF%E7%BA%A7%E4%BB%A5%E4%B8%8A%E8%A1%8C%E6%94%BF%E5%8C%BA%E5%88%92%E5%8F%98%E6%9B%B4%E5%88%97%E8%A1%A8,86945547,23
WIKI-1997-060,1997,广西壮族自治区,upgrade,CNUR-000225,玉林地区,玉林市,1997-04-22,国函〔1997〕26号,true,high,accepted_rule_extraction,,,"colspan=""2""|玉林地区 |452500 |rowspan=""7""|4月22日国务院批复同意<br>国函〔1997〕26号 |撤销玉林地区，设立地级玉林市 |colspan=""2""|玉林市 |450900",撤销地区，设立地级市,https://zh.wikipedia.org/wiki/1997%E5%B9%B4%E4%B8%AD%E5%8D%8E%E4%BA%BA%E6%B0%91%E5%85%B1%E5%92%8C%E5%9B%BD%E5%8E%BF%E7%BA%A7%E4%BB%A5%E4%B8%8A%E8%A1%8C%E6%94%BF%E5%8C%BA%E5%88%92%E5%8F%98%E6%9B%B4%E5%88%97%E8%A1%A8,86945547,38
WIKI-1997-061,1997,贵州省,upgrade,CNUR-000259,遵义地区,遵义市,1997-05-06,国函〔1997〕45号,true,high,accepted_rule_extraction,,,"colspan=""2""|遵义地区 |522100 |rowspan=""14""|5月6日国务院批复同意<br>国函〔1997〕45号 |撤销遵义地区，设立地级遵义市 |colspan=""2""|遵义市 |520300",撤销地区，设立地级市,https://zh.wikipedia.org/wiki/1997%E5%B9%B4%E4%B8%AD%E5%8D%8E%E4%BA%BA%E6%B0%91%E5%85%B1%E5%92%8C%E5%9B%BD%E5%8E%BF%E7%BA%A7%E4%BB%A5%E4%B8%8A%E8%A1%8C%E6%94%BF%E5%8C%BA%E5%88%92%E5%8F%98%E6%9B%B4%E5%88%97%E8%A1%A8,86945547,46
WIKI-1997-062,1997,云南省,upgrade,CNUR-000267,曲靖地区,曲靖市,1997-05-06,国函〔1997〕32号,true,high,accepted_rule_extraction,,,"colspan=""2""|曲靖地区 |532200 |rowspan=""11""|5月6日国务院批复同意<br>国函〔1997〕32号 |撤销曲靖地区，设立地级曲靖市 |colspan=""2""|曲靖市 |530300",撤销地区，设立地级市,https://zh.wikipedia.org/wiki/1997%E5%B9%B4%E4%B8%AD%E5%8D%8E%E4%BA%BA%E6%B0%91%E5%85%B1%E5%92%8C%E5%9B%BD%E5%8E%BF%E7%BA%A7%E4%BB%A5%E4%B8%8A%E8%A1%8C%E6%94%BF%E5%8C%BA%E5%88%92%E5%8F%98%E6%9B%B4%E5%88%97%E8%A1%A8,86945547,61
WIKI-1997-063,1997,云南省,upgrade,CNUR-000268,玉溪地区,玉溪市,1997-12-13,国函〔1997〕108号,true,high,accepted_rule_extraction,,,"colspan=""2""|玉溪地区 |532400 |rowspan=""10""|12月13日国务院批复同意<br>国函〔1997〕108号 |撤销玉溪地区，设立地级玉溪市 |colspan=""2""|玉溪市 |530400",撤销地区，设立地级市,https://zh.wikipedia.org/wiki/1997%E5%B9%B4%E4%B8%AD%E5%8D%8E%E4%BA%BA%E6%B0%91%E5%85%B1%E5%92%8C%E5%9B%BD%E5%8E%BF%E7%BA%A7%E4%BB%A5%E4%B8%8A%E8%A1%8C%E6%94%BF%E5%8C%BA%E5%88%92%E5%8F%98%E6%9B%B4%E5%88%97%E8%A1%A8,86945547,72
WIKI-1997-064,1997,广西壮族自治区,rename,CNUR-000227,梧州地区,贺州地区,1997-02-27,国函〔1997〕12号,true,high,accepted_rule_extraction,,,"colspan=""2""|梧州地区 |452400 |rowspan=""8""|2月27日国务院批复同意<br>国函〔1997〕12号 |将梧州地区行署驻地由梧州市区迁至贺州市八步镇，梧州地区更名为贺州地区 |colspan=""2""|贺州地区 |未变",地区的增设与更名,https://zh.wikipedia.org/wiki/1997%E5%B9%B4%E4%B8%AD%E5%8D%8E%E4%BA%BA%E6%B0%91%E5%85%B1%E5%92%8C%E5%9B%BD%E5%8E%BF%E7%BA%A7%E4%BB%A5%E4%B8%8A%E8%A1%8C%E6%94%BF%E5%8C%BA%E5%88%92%E5%8F%98%E6%9B%B4%E5%88%97%E8%A1%A8,86945547,83
WIKI-1997-065,1997,四川省,establish_prefecture,CNUR-000247,,眉山地区,1997-05-30,国函〔1997〕41号,false,medium,accepted_manual_review,眉山地区 later became 眉山市,,"colspan=""3""| ||rowspan=""7""|5月30日国务院批复同意<br>国函〔1997〕41号||设立眉山地区||colspan=""2""|眉山地区||513800",地区的增设与更名,https://zh.wikipedia.org/wiki/1997%E5%B9%B4%E4%B8%AD%E5%8D%8E%E4%BA%BA%E6%B0%91%E5%85%B1%E5%92%8C%E5%9B%BD%E5%8E%BF%E7%BA%A7%E4%BB%A5%E4%B8%8A%E8%A1%8C%E6%94%BF%E5%8C%BA%E5%88%92%E5%8F%98%E6%9B%B4%E5%88%97%E8%A1%A8,86945547,92
WIKI-1998-066,1998,安徽省,upgrade,CNUR-000109,宿县地区,宿州市,1998-12-06,国函〔1998〕102号,true,high,accepted_rule_extraction,,,"colspan=""2""|宿县地区 |342200 |rowspan=""6""|国务院12月6日批复同意<br>国函〔1998〕102号 |撤销宿县地区，设立地级宿州市 |colspan=""2""|宿州市 |341300",撤销地区，设立地级市,https://zh.wikipedia.org/wiki/1998%E5%B9%B4%E4%B8%AD%E5%8D%8E%E4%BA%BA%E6%B0%91%E5%85%B1%E5%92%8C%E5%9B%BD%E5%8E%BF%E7%BA%A7%E4%BB%A5%E4%B8%8A%E8%A1%8C%E6%94%BF%E5%8C%BA%E5%88%92%E5%8F%98%E6%9B%B4%E5%88%97%E8%A1%A8,67074272,2
WIKI-1998-067,1998,江西省,upgrade,CNUR-000130,赣州地区,赣州市,1998-12-24,国函〔1998〕114号,true,high,accepted_rule_extraction,,,"colspan=""2""|赣州地区 |362100 |rowspan=""19""|国务院12月24日批复同意<br>国函〔1998〕114号 |撤销赣州地区，设立地级赣州市 |colspan=""2""|赣州市 |360700",撤销地区，设立地级市,https://zh.wikipedia.org/wiki/1998%E5%B9%B4%E4%B8%AD%E5%8D%8E%E4%BA%BA%E6%B0%91%E5%85%B1%E5%92%8C%E5%9B%BD%E5%8E%BF%E7%BA%A7%E4%BB%A5%E4%B8%8A%E8%A1%8C%E6%94%BF%E5%8C%BA%E5%88%92%E5%8F%98%E6%9B%B4%E5%88%97%E8%A1%A8,67074272,9
WIKI-1998-068,1998,河南省,upgrade,CNUR-000166,信阳地区,信阳市,1998-06-09,国函〔1998〕44号,true,high,accepted_rule_extraction,,,"colspan=""2""|信阳地区 |413000 |rowspan=""11""|国务院6月9日批复同意<br>国函〔1998〕44号 |撤销信阳地区，设立地级信阳市 |colspan=""2""|信阳市 |421200",撤销地区，设立地级市,https://zh.wikipedia.org/wiki/1998%E5%B9%B4%E4%B8%AD%E5%8D%8E%E4%BA%BA%E6%B0%91%E5%85%B1%E5%92%8C%E5%9B%BD%E5%8E%BF%E7%BA%A7%E4%BB%A5%E4%B8%8A%E8%A1%8C%E6%94%BF%E5%8C%BA%E5%88%92%E5%8F%98%E6%9B%B4%E5%88%97%E8%A1%A8,67074272,29
WIKI-1998-069,1998,湖北省,upgrade,CNUR-000179,咸宁地区,咸宁市,1998-12-06,国函〔1998〕102号,true,high,accepted_rule_extraction,,,"colspan=""2""|咸宁地区 |422300 |rowspan=""7""|国务院12月6日批复同意<br>国函〔1998〕102号 |撤销咸宁地区，设立地级咸宁市 |colspan=""2""|咸宁市 |421200",撤销地区，设立地级市,https://zh.wikipedia.org/wiki/1998%E5%B9%B4%E4%B8%AD%E5%8D%8E%E4%BA%BA%E6%B0%91%E5%85%B1%E5%92%8C%E5%9B%BD%E5%8E%BF%E7%BA%A7%E4%BB%A5%E4%B8%8A%E8%A1%8C%E6%94%BF%E5%8C%BA%E5%88%92%E5%8F%98%E6%9B%B4%E5%88%97%E8%A1%A8,67074272,41
WIKI-1998-070,1998,四川省,upgrade,CNUR-000249,广安地区,广安市,1998-07-31,国函〔1998〕60号,true,high,accepted_rule_extraction,,,"colspan=""2""|广安地区 |513600 |rowspan=""6""|国务院7月31日批复同意<br>国函〔1998〕60号 |撤销广安地区，设立地级广安市 |colspan=""2""|广安市 |511600",撤销地区，设立地级市,https://zh.wikipedia.org/wiki/1998%E5%B9%B4%E4%B8%AD%E5%8D%8E%E4%BA%BA%E6%B0%91%E5%85%B1%E5%92%8C%E5%9B%BD%E5%8E%BF%E7%BA%A7%E4%BB%A5%E4%B8%8A%E8%A1%8C%E6%94%BF%E5%8C%BA%E5%88%92%E5%8F%98%E6%9B%B4%E5%88%97%E8%A1%A8,67074272,49
WIKI-1998-071,1998,宁夏回族自治区,upgrade,CNUR-000323,银南地区,吴忠市,1998-05-11,国函〔1998〕33号,true,high,accepted_rule_extraction,,,"colspan=""2""|银南地区 |642100 |rowspan=""8""|国务院5月11日批复同意<br>国函〔1998〕33号 |撤销银南地区，设立地级吴忠市 |colspan=""2""|吴忠市 |640300",撤销地区，设立地级市,https://zh.wikipedia.org/wiki/1998%E5%B9%B4%E4%B8%AD%E5%8D%8E%E4%BA%BA%E6%B0%91%E5%85%B1%E5%92%8C%E5%9B%BD%E5%8E%BF%E7%BA%A7%E4%BB%A5%E4%B8%8A%E8%A1%8C%E6%94%BF%E5%8C%BA%E5%88%92%E5%8F%98%E6%9B%B4%E5%88%97%E8%A1%A8,67074272,56
WIKI-1998-072,1998,四川省,establish_prefecture,CNUR-000253,,资阳地区,1998-02-26,国函〔1988〕15号,false,medium,accepted_manual_review,资阳地区 later became 资阳市,document_year_differs_from_page_year,"colspan=""3""| ||rowspan=""6""|国务院2月26日批复同意<br>国函〔1988〕15号||rowspan=""6""|设立资阳地区||colspan=""2""|资阳地区||513900",地区的增设,https://zh.wikipedia.org/wiki/1998%E5%B9%B4%E4%B8%AD%E5%8D%8E%E4%BA%BA%E6%B0%91%E5%85%B1%E5%92%8C%E5%9B%BD%E5%8E%BF%E7%BA%A7%E4%BB%A5%E4%B8%8A%E8%A1%8C%E6%94%BF%E5%8C%BA%E5%88%92%E5%8F%98%E6%9B%B4%E5%88%97%E8%A1%A8,67074272,77
WIKI-1999-073,1999,山西省,upgrade,CNUR-000020,晋中地区,晋中市,1999-09-24,国函〔1999〕124号,true,high,accepted_rule_extraction,,,"colspan=""2""|晋中地区 |142400 |rowspan=""12""|9月24日中华人民共和国国务院同意<br>国函〔1999〕124号 |撤销晋中地区，设立地级晋中市 |colspan=""2""|晋中市 |140700",撤销地区，设立地级市,https://zh.wikipedia.org/wiki/1999%E5%B9%B4%E4%B8%AD%E5%8D%8E%E4%BA%BA%E6%B0%91%E5%85%B1%E5%92%8C%E5%9B%BD%E5%8E%BF%E7%BA%A7%E4%BB%A5%E4%B8%8A%E8%A1%8C%E6%94%BF%E5%8C%BA%E5%88%92%E5%8F%98%E6%9B%B4%E5%88%97%E8%A1%A8,89282870,2
WIKI-1999-074,1999,黑龙江省,upgrade,CNUR-000071,绥化地区,绥化市,1999-12-28,国函〔1999〕154号,true,high,accepted_rule_extraction,,,"colspan=""2""|绥化地区 |232300 |rowspan=""11""|12月28日中华人民共和国国务院同意<br>国函〔1999〕154号 |撤销绥化地区，设立地级绥化市 |colspan=""2""|绥化市 |231200",撤销地区，设立地级市,https://zh.wikipedia.org/wiki/1999%E5%B9%B4%E4%B8%AD%E5%8D%8E%E4%BA%BA%E6%B0%91%E5%85%B1%E5%92%8C%E5%9B%BD%E5%8E%BF%E7%BA%A7%E4%BB%A5%E4%B8%8A%E8%A1%8C%E6%94%BF%E5%8C%BA%E5%88%92%E5%8F%98%E6%9B%B4%E5%88%97%E8%A1%A8,89282870,15
WIKI-1999-075,1999,安徽省,upgrade,CNUR-000110,巢湖地区,巢湖市,1999-07-09,国函〔1999〕80号,true,high,accepted_rule_extraction,,,"colspan=""2""|巢湖地区 |342600 |rowspan=""6""|7月9日中华人民共和国国务院同意<br>国函〔1999〕80号 |撤销巢湖地区，设立地级巢湖市 |colspan=""2""|巢湖市 |341400",撤销地区，设立地级市,https://zh.wikipedia.org/wiki/1999%E5%B9%B4%E4%B8%AD%E5%8D%8E%E4%BA%BA%E6%B0%91%E5%85%B1%E5%92%8C%E5%9B%BD%E5%8E%BF%E7%BA%A7%E4%BB%A5%E4%B8%8A%E8%A1%8C%E6%94%BF%E5%8C%BA%E5%88%92%E5%8F%98%E6%9B%B4%E5%88%97%E8%A1%A8,89282870,27
WIKI-1999-076,1999,安徽省,upgrade,CNUR-000111,六安地区,六安市,1999-09-02,国函〔1999〕109号,true,high,accepted_rule_extraction,,,"colspan=""2""|六安地区 |342400 |rowspan=""8""|9月2日中华人民共和国国务院同意<br>国函〔1999〕109号 |撤销六安地区，设立地级六安市 |colspan=""2""|六安市 |341500",撤销地区，设立地级市,https://zh.wikipedia.org/wiki/1999%E5%B9%B4%E4%B8%AD%E5%8D%8E%E4%BA%BA%E6%B0%91%E5%85%B1%E5%92%8C%E5%9B%BD%E5%8E%BF%E7%BA%A7%E4%BB%A5%E4%B8%8A%E8%A1%8C%E6%94%BF%E5%8C%BA%E5%88%92%E5%8F%98%E6%9B%B4%E5%88%97%E8%A1%A8,89282870,33
WIKI-1999-077,1999,福建省,upgrade,CNUR-000123,宁德地区,宁德市,1999-11-14,国函〔1999〕136号,true,high,accepted_rule_extraction,,,"colspan=""2""|宁德地区 |352200 |rowspan=""10""|11月14日中华人民共和国国务院同意<br>国函〔1999〕136号 |撤销宁德地区，设立地级宁德市 |colspan=""2""|宁德市 |350900",撤销地区，设立地级市,https://zh.wikipedia.org/wiki/1999%E5%B9%B4%E4%B8%AD%E5%8D%8E%E4%BA%BA%E6%B0%91%E5%85%B1%E5%92%8C%E5%9B%BD%E5%8E%BF%E7%BA%A7%E4%BB%A5%E4%B8%8A%E8%A1%8C%E6%94%BF%E5%8C%BA%E5%88%92%E5%8F%98%E6%9B%B4%E5%88%97%E8%A1%A8,89282870,42
WIKI-1999-078,1999,湖南省,upgrade,CNUR-000194,娄底地区,娄底市,1999-01-20,国函〔1999〕6号,true,high,accepted_rule_extraction,,,"colspan=""2""|娄底地区 |432500 |rowspan=""6""|1月20日中华人民共和国国务院同意<br>国函〔1999〕6号 |撤销娄底地区，设立地级娄底市 |colspan=""2""|娄底市 |431300",撤销地区，设立地级市,https://zh.wikipedia.org/wiki/1999%E5%B9%B4%E4%B8%AD%E5%8D%8E%E4%BA%BA%E6%B0%91%E5%85%B1%E5%92%8C%E5%9B%BD%E5%8E%BF%E7%BA%A7%E4%BB%A5%E4%B8%8A%E8%A1%8C%E6%94%BF%E5%8C%BA%E5%88%92%E5%8F%98%E6%9B%B4%E5%88%97%E8%A1%A8,89282870,53
WIKI-1999-079,1999,四川省,upgrade,CNUR-000250,达川地区,达州市,1999-06-20,国函〔1999〕51号,true,high,accepted_rule_extraction,,,"colspan=""2""|达川地区 |513000 |rowspan=""8""|6月20日中华人民共和国国务院同意<br>国函〔1999〕51号 |撤销达川地区，设立地级达州市 |colspan=""2""|达州市 |511700",撤销地区，设立地级市,https://zh.wikipedia.org/wiki/1999%E5%B9%B4%E4%B8%AD%E5%8D%8E%E4%BA%BA%E6%B0%91%E5%85%B1%E5%92%8C%E5%9B%BD%E5%8E%BF%E7%BA%A7%E4%BB%A5%E4%B8%8A%E8%A1%8C%E6%94%BF%E5%8C%BA%E5%88%92%E5%8F%98%E6%9B%B4%E5%88%97%E8%A1%A8,89282870,60
WIKI-1999-080,1999,陕西省,upgrade,CNUR-000296,榆林地区,榆林市,1999-12-05,国函〔1999〕141号,true,high,accepted_rule_extraction,,,"colspan=""2""|榆林地区 |612700 |rowspan=""13""|12月5日中华人民共和国国务院同意<br>国函〔1999〕141号 |撤销榆林地区，设立地级榆林市 |colspan=""2""|榆林市 |610800",撤销地区，设立地级市,https://zh.wikipedia.org/wiki/1999%E5%B9%B4%E4%B8%AD%E5%8D%8E%E4%BA%BA%E6%B0%91%E5%85%B1%E5%92%8C%E5%9B%BD%E5%8E%BF%E7%BA%A7%E4%BB%A5%E4%B8%8A%E8%A1%8C%E6%94%BF%E5%8C%BA%E5%88%92%E5%8F%98%E6%9B%B4%E5%88%97%E8%A1%A8,89282870,69
WIKI-1999-081,1999,内蒙古自治区,upgrade,CNUR-000029,哲里木盟,通辽市,1999-01-13,国函〔1999〕5号,true,high,accepted_rule_extraction,,,"colspan=""2""|哲里木盟 |152300 |rowspan=""9""|1月13日中华人民共和国国务院同意<br>国函〔1999〕5号 |撤销哲里木盟，设立地级通辽市 |colspan=""2""|通辽市 |150500",撤销盟，设立地级市,https://zh.wikipedia.org/wiki/1999%E5%B9%B4%E4%B8%AD%E5%8D%8E%E4%BA%BA%E6%B0%91%E5%85%B1%E5%92%8C%E5%9B%BD%E5%8E%BF%E7%BA%A7%E4%BB%A5%E4%B8%8A%E8%A1%8C%E6%94%BF%E5%8C%BA%E5%88%92%E5%8F%98%E6%9B%B4%E5%88%97%E8%A1%A8,89282870,83
