entity_id,query_title,resolved_title,page_exists,level_verified,matched_categories,matched_intro_terms,wikidata_id,matched_instance_classes,page_id,revision_id,page_url,checked_at_utc,review_status,review_note
CNUR-000001,北京市,北京市,true,true,,地区,Q956,,463,93297325,https://zh.wikipedia.org/wiki/%E5%8C%97%E4%BA%AC%E5%B8%82,2026-07-11T07:50:47+00:00,verified,municipality rule
CNUR-000002,天津市,天津市,true,true,,地区,Q11736,,467,93198580,https://zh.wikipedia.org/wiki/%E5%A4%A9%E6%B4%A5%E5%B8%82,2026-07-11T07:50:47+00:00,verified,municipality rule
CNUR-000003,石家庄市,石家庄市,true,true,河北省地级市,,Q58401,Q748149,12729,93139868,https://zh.wikipedia.org/wiki/%E7%9F%B3%E5%AE%B6%E5%BA%84%E5%B8%82,2026-07-11T07:50:47+00:00,verified,category evidence
CNUR-000004,唐山市,唐山市,true,true,河北省地级市,地级市 | 地区,Q58422,Q748149,12719,93044981,https://zh.wikipedia.org/wiki/%E5%94%90%E5%B1%B1%E5%B8%82,2026-07-11T07:50:47+00:00,verified,category evidence
CNUR-000005,秦皇岛市,秦皇岛市,true,true,河北省地级市,,Q58560,Q748149,12721,93362188,https://zh.wikipedia.org/wiki/%E7%A7%A6%E7%9A%87%E5%B2%9B%E5%B8%82,2026-07-11T07:50:47+00:00,verified,category evidence
CNUR-000006,邯郸市,邯郸市,true,true,河北省地级市,,Q58570,Q748149,4616,93325028,https://zh.wikipedia.org/wiki/%E9%82%AF%E9%83%B8%E5%B8%82,2026-07-11T07:50:47+00:00,verified,category evidence
CNUR-000007,邢台市,邢台市,true,true,河北省地级市,,Q58576,Q748149,12727,93257080,https://zh.wikipedia.org/wiki/%E9%82%A2%E5%8F%B0%E5%B8%82,2026-07-11T07:50:47+00:00,verified,category evidence
CNUR-000008,保定市,保定市,true,true,河北省地级市,地级市 | 地区,Q58584,Q748149,12726,92799992,https://zh.wikipedia.org/wiki/%E4%BF%9D%E5%AE%9A%E5%B8%82,2026-07-11T07:50:47+00:00,verified,category evidence
CNUR-000009,张家口市,张家口市,true,true,河北省地级市,地级市 | 盟,Q58650,Q748149,12722,92790706,https://zh.wikipedia.org/wiki/%E5%BC%A0%E5%AE%B6%E5%8F%A3%E5%B8%82,2026-07-11T07:50:47+00:00,verified,category evidence
CNUR-000010,承德市,承德市,true,true,,地级市 | 地区 | 盟,Q58675,Q748149,34493,93348413,https://zh.wikipedia.org/wiki/%E6%89%BF%E5%BE%B7%E5%B8%82,2026-07-11T07:50:47+00:00,verified,intro evidence
CNUR-000011,沧州市,沧州市,true,true,河北省地级市,,Q58695,Q748149,12724,93252590,https://zh.wikipedia.org/wiki/%E6%B2%A7%E5%B7%9E%E5%B8%82,2026-07-11T07:50:47+00:00,verified,category evidence
CNUR-000012,廊坊市,廊坊市,true,true,河北省地级市,地级市,Q58710,Q748149,12725,92882792,https://zh.wikipedia.org/wiki/%E5%BB%8A%E5%9D%8A%E5%B8%82,2026-07-11T07:50:47+00:00,verified,category evidence
CNUR-000013,衡水市,衡水市,true,true,河北省地级市,,Q58724,Q748149,12728,93280112,https://zh.wikipedia.org/wiki/%E8%A1%A1%E6%B0%B4%E5%B8%82,2026-07-11T07:50:47+00:00,verified,category evidence
CNUR-000014,太原市,太原市,true,true,山西省地级市,地区,Q72778,Q748149,13063,92427237,https://zh.wikipedia.org/wiki/%E5%A4%AA%E5%8E%9F%E5%B8%82,2026-07-11T07:50:47+00:00,verified,category evidence
CNUR-000015,大同市,大同市,true,true,,地级市,Q72877,Q748149,99210,93381762,https://zh.wikipedia.org/wiki/%E5%A4%A7%E5%90%8C%E5%B8%82,2026-07-11T07:50:47+00:00,verified,intro evidence
CNUR-000016,阳泉市,阳泉市,true,true,,,Q72907,Q748149,44668,92680763,https://zh.wikipedia.org/wiki/%E9%98%B3%E6%B3%89%E5%B8%82,2026-07-11T07:50:47+00:00,verified,wikidata instance evidence
CNUR-000017,长治市,长治市,true,true,,,Q72945,Q748149,44674,93348209,https://zh.wikipedia.org/wiki/%E9%95%BF%E6%B2%BB%E5%B8%82,2026-07-11T07:50:47+00:00,verified,wikidata instance evidence
CNUR-000018,晋城市,晋城市,true,true,,,Q72990,Q748149,44677,93047635,https://zh.wikipedia.org/wiki/%E6%99%8B%E5%9F%8E%E5%B8%82,2026-07-11T07:50:47+00:00,verified,wikidata instance evidence
CNUR-000019,朔州市,朔州市,true,true,,,Q73020,Q748149,44685,92538662,https://zh.wikipedia.org/wiki/%E6%9C%94%E5%B7%9E%E5%B8%82,2026-07-11T07:50:47+00:00,verified,wikidata instance evidence
CNUR-000020,晋中市,晋中市,true,true,山西省地级市,,Q73045,Q748149,18565,93182654,https://zh.wikipedia.org/wiki/%E6%99%8B%E4%B8%AD%E5%B8%82,2026-07-11T07:50:47+00:00,verified,category evidence
CNUR-000021,运城市,运城市,true,true,,,Q73073,Q748149,33680,92932070,https://zh.wikipedia.org/wiki/%E8%BF%90%E5%9F%8E%E5%B8%82,2026-07-11T07:50:47+00:00,verified,wikidata instance evidence
CNUR-000022,忻州市,忻州市,true,true,,地级市,Q73119,Q748149,44683,93182685,https://zh.wikipedia.org/wiki/%E5%BF%BB%E5%B7%9E%E5%B8%82,2026-07-11T07:50:47+00:00,verified,intro evidence
CNUR-000023,临汾市,临汾市,true,true,山西省地级市,地级市 | 地区,Q73156,Q748149,14178,92911859,https://zh.wikipedia.org/wiki/%E4%B8%B4%E6%B1%BE%E5%B8%82,2026-07-11T07:50:47+00:00,verified,category evidence
CNUR-000024,吕梁市,吕梁市,true,true,,地级市,Q73186,Q748149,44681,92911958,https://zh.wikipedia.org/wiki/%E5%90%95%E6%A2%81%E5%B8%82,2026-07-11T07:50:47+00:00,verified,intro evidence
CNUR-000025,呼和浩特市,呼和浩特市,true,true,内蒙古自治区地级市,,Q535534,Q748149,2235,93273290,https://zh.wikipedia.org/wiki/%E5%91%BC%E5%92%8C%E6%B5%A9%E7%89%B9%E5%B8%82,2026-07-11T07:50:47+00:00,verified,category evidence
CNUR-000026,包头市,包头市,true,true,,地级市,Q569907,Q748149,2421,93226565,https://zh.wikipedia.org/wiki/%E5%8C%85%E5%A4%B4%E5%B8%82,2026-07-11T07:50:47+00:00,verified,intro evidence
CNUR-000027,乌海市,乌海市,true,true,,地级市 | 盟,Q570768,Q748149,44688,93132923,https://zh.wikipedia.org/wiki/%E4%B9%8C%E6%B5%B7%E5%B8%82,2026-07-11T07:50:47+00:00,verified,intro evidence
CNUR-000028,赤峰市,赤峰市,true,true,,,Q570829,Q748149,42828,93132925,https://zh.wikipedia.org/wiki/%E8%B5%A4%E5%B3%B0%E5%B8%82,2026-07-11T07:50:47+00:00,verified,wikidata instance evidence
CNUR-000029,通辽市,通辽市,true,true,,,Q570884,Q748149,44690,93132928,https://zh.wikipedia.org/wiki/%E9%80%9A%E8%BE%BD%E5%B8%82,2026-07-11T07:50:47+00:00,verified,wikidata instance evidence
CNUR-000030,鄂尔多斯市,鄂尔多斯市,true,true,,,Q570937,Q748149,44692,93132932,https://zh.wikipedia.org/wiki/%E9%84%82%E5%B0%94%E5%A4%9A%E6%96%AF%E5%B8%82,2026-07-11T07:50:47+00:00,verified,wikidata instance evidence
CNUR-000031,呼伦贝尔市,呼伦贝尔市,true,true,,地级市 | 地区 | 盟,Q571033,Q748149,44694,93132933,https://zh.wikipedia.org/wiki/%E5%91%BC%E4%BC%A6%E8%B4%9D%E5%B0%94%E5%B8%82,2026-07-11T07:50:47+00:00,verified,intro evidence
CNUR-000032,巴彦淖尔市,巴彦淖尔市,true,true,,地级市 | 盟,Q571126,Q748149,44699,93132934,https://zh.wikipedia.org/wiki/%E5%B7%B4%E5%BD%A6%E6%B7%96%E5%B0%94%E5%B8%82,2026-07-11T07:50:47+00:00,verified,intro evidence
CNUR-000033,乌兰察布市,乌兰察布市,true,true,,地级市 | 地区 | 盟,Q571219,Q748149,44697,93132935,https://zh.wikipedia.org/wiki/%E4%B9%8C%E5%85%B0%E5%AF%9F%E5%B8%83%E5%B8%82,2026-07-11T07:50:47+00:00,verified,intro evidence
CNUR-000034,兴安盟,兴安盟,true,true,,盟,Q1619433,Q288653,44700,92953522,https://zh.wikipedia.org/wiki/%E5%85%B4%E5%AE%89%E7%9B%9F,2026-07-11T07:50:47+00:00,verified,intro evidence
CNUR-000035,锡林郭勒盟,锡林郭勒盟,true,true,,,Q573124,Q288653,44703,92537191,https://zh.wikipedia.org/wiki/%E9%94%A1%E6%9E%97%E9%83%AD%E5%8B%92%E7%9B%9F,2026-07-11T07:50:47+00:00,verified,wikidata instance evidence
CNUR-000036,阿拉善盟,阿拉善盟,true,true,,,Q449963,Q288653,44809,93037899,https://zh.wikipedia.org/wiki/%E9%98%BF%E6%8B%89%E5%96%84%E7%9B%9F,2026-07-11T07:50:47+00:00,verified,wikidata instance evidence
CNUR-000037,沈阳市,沈阳市,true,true,,,Q11720,Q748149,6948,93273191,https://zh.wikipedia.org/wiki/%E6%B2%88%E9%98%B3%E5%B8%82,2026-07-11T07:50:47+00:00,verified,wikidata instance evidence
CNUR-000038,大连市,大连市,true,true,辽宁省地级市,地级市 | 地区,Q74881,Q748149,3493,93159432,https://zh.wikipedia.org/wiki/%E5%A4%A7%E8%BF%9E%E5%B8%82,2026-07-11T07:50:47+00:00,verified,category evidence
CNUR-000039,鞍山市,鞍山市,true,true,辽宁省地级市,,Q74957,Q748149,12711,92807654,https://zh.wikipedia.org/wiki/%E9%9E%8D%E5%B1%B1%E5%B8%82,2026-07-11T07:50:47+00:00,verified,category evidence
CNUR-000040,抚顺市,抚顺市,true,true,辽宁省地级市,,Q75026,Q748149,501,92526634,https://zh.wikipedia.org/wiki/%E6%8A%9A%E9%A1%BA%E5%B8%82,2026-07-11T07:50:47+00:00,verified,category evidence
CNUR-000041,本溪市,本溪市,true,true,,地级市,Q75091,Q748149,44930,92941995,https://zh.wikipedia.org/wiki/%E6%9C%AC%E6%BA%AA%E5%B8%82,2026-07-11T07:50:47+00:00,verified,intro evidence
CNUR-000042,丹东市,丹东市,true,true,,地级市 | 地区,Q75110,Q748149,42254,93252535,https://zh.wikipedia.org/wiki/%E4%B8%B9%E4%B8%9C%E5%B8%82,2026-07-11T07:50:47+00:00,verified,intro evidence
CNUR-000043,锦州市,锦州市,true,true,辽宁省地级市,,Q28996,Q748149,12714,92658941,https://zh.wikipedia.org/wiki/%E9%94%A6%E5%B7%9E%E5%B8%82,2026-07-11T07:50:47+00:00,verified,category evidence
CNUR-000044,营口市,营口市,true,true,,,Q75150,Q748149,44932,93194677,https://zh.wikipedia.org/wiki/%E8%90%A5%E5%8F%A3%E5%B8%82,2026-07-11T07:50:47+00:00,verified,wikidata instance evidence
CNUR-000045,阜新市,阜新市,true,true,,,Q34750,Q748149,12718,92675567,https://zh.wikipedia.org/wiki/%E9%98%9C%E6%96%B0%E5%B8%82,2026-07-11T07:50:47+00:00,verified,wikidata instance evidence
CNUR-000046,辽阳市,辽阳市,true,true,辽宁省地级市,,Q75203,Q748149,12717,93012832,https://zh.wikipedia.org/wiki/%E8%BE%BD%E9%98%B3%E5%B8%82,2026-07-11T07:50:47+00:00,verified,category evidence
CNUR-000047,盘锦市,盘锦市,true,true,,,Q75230,Q748149,23120,92526805,https://zh.wikipedia.org/wiki/%E7%9B%98%E9%94%A6%E5%B8%82,2026-07-11T07:50:47+00:00,verified,wikidata instance evidence
CNUR-000048,铁岭市,铁岭市,true,true,辽宁省地级市,,Q75268,Q748149,12712,92526824,https://zh.wikipedia.org/wiki/%E9%93%81%E5%B2%AD%E5%B8%82,2026-07-11T07:50:47+00:00,verified,category evidence
CNUR-000049,朝阳市,朝阳市,true,true,,地级市 | 地区,Q75336,Q748149,44931,92023513,https://zh.wikipedia.org/wiki/%E6%9C%9D%E9%98%B3%E5%B8%82,2026-07-11T07:50:47+00:00,verified,intro evidence
CNUR-000050,葫芦岛市,葫芦岛市,true,true,辽宁省地级市,,Q75379,Q748149,12713,92855791,https://zh.wikipedia.org/wiki/%E8%91%AB%E8%8A%A6%E5%B2%9B%E5%B8%82,2026-07-11T07:50:47+00:00,verified,category evidence
CNUR-000051,长春市,长春市,true,true,吉林省地级市,,Q92161,Q748149,1322,93214221,https://zh.wikipedia.org/wiki/%E9%95%BF%E6%98%A5%E5%B8%82,2026-07-11T07:50:47+00:00,verified,category evidence
CNUR-000052,吉林市,吉林市,true,true,吉林省地级市,地级市 | 地区,Q92277,Q748149,12694,93302938,https://zh.wikipedia.org/wiki/%E5%90%89%E6%9E%97%E5%B8%82,2026-07-11T07:50:47+00:00,verified,category evidence
CNUR-000053,四平市,四平市,true,true,吉林省地级市,地级市 | 地区,Q92297,Q748149,12695,92526428,https://zh.wikipedia.org/wiki/%E5%9B%9B%E5%B9%B3%E5%B8%82,2026-07-11T07:50:47+00:00,verified,category evidence
CNUR-000054,辽源市,辽源市,true,true,,,Q92311,Q748149,44938,92454766,https://zh.wikipedia.org/wiki/%E8%BE%BD%E6%BA%90%E5%B8%82,2026-07-11T07:50:47+00:00,verified,wikidata instance evidence
CNUR-000055,通化市,通化市,true,true,吉林省地级市,,Q92324,Q748149,12700,92526441,https://zh.wikipedia.org/wiki/%E9%80%9A%E5%8C%96%E5%B8%82,2026-07-11T07:50:47+00:00,verified,category evidence
CNUR-000056,白山市 (吉林省),白山市 (吉林省),true,true,吉林省地级市,,Q92348,Q748149,12697,92031810,https://zh.wikipedia.org/wiki/%E7%99%BD%E5%B1%B1%E5%B8%82_(%E5%90%89%E6%9E%97%E7%9C%81),2026-07-11T07:50:47+00:00,verified,category evidence
CNUR-000057,松原市 (吉林省),松原市 (吉林省),true,true,吉林省地级市,地级市,Q92364,Q748149,7596,92992513,https://zh.wikipedia.org/wiki/%E6%9D%BE%E5%8E%9F%E5%B8%82_(%E5%90%89%E6%9E%97%E7%9C%81),2026-07-11T07:50:47+00:00,verified,category evidence
CNUR-000058,白城市,白城市,true,true,,,Q92381,Q748149,44941,91318902,https://zh.wikipedia.org/wiki/%E7%99%BD%E5%9F%8E%E5%B8%82,2026-07-11T07:50:47+00:00,verified,wikidata instance evidence
CNUR-000059,延边朝鲜族自治州,延边朝鲜族自治州,true,true,,自治州 | 地区,Q714984,Q788104,44942,93291613,https://zh.wikipedia.org/wiki/%E5%BB%B6%E8%BE%B9%E6%9C%9D%E9%B2%9C%E6%97%8F%E8%87%AA%E6%B2%BB%E5%B7%9E,2026-07-11T07:50:47+00:00,verified,intro evidence
CNUR-000060,哈尔滨市,哈尔滨市,true,true,黑龙江省地级市,地区,Q42956,Q748149,3515,93363854,https://zh.wikipedia.org/wiki/%E5%93%88%E5%B0%94%E6%BB%A8%E5%B8%82,2026-07-11T07:50:47+00:00,verified,category evidence
CNUR-000061,齐齐哈尔市,齐齐哈尔市,true,true,黑龙江省地级市,,Q205922,Q748149,8240,93145298,https://zh.wikipedia.org/wiki/%E9%BD%90%E9%BD%90%E5%93%88%E5%B0%94%E5%B8%82,2026-07-11T07:50:47+00:00,verified,category evidence
CNUR-000062,鸡西市,鸡西市,true,true,黑龙江省地级市,,Q28979,Q748149,12686,93085009,https://zh.wikipedia.org/wiki/%E9%B8%A1%E8%A5%BF%E5%B8%82,2026-07-11T07:50:47+00:00,verified,category evidence
CNUR-000063,鹤岗市,鹤岗市,true,true,黑龙江省地级市,,Q349982,Q748149,12687,93087216,https://zh.wikipedia.org/wiki/%E9%B9%A4%E5%B2%97%E5%B8%82,2026-07-11T07:50:47+00:00,verified,category evidence
CNUR-000064,双鸭山市,双鸭山市,true,true,,地级市,Q349973,Q748149,45340,92526012,https://zh.wikipedia.org/wiki/%E5%8F%8C%E9%B8%AD%E5%B1%B1%E5%B8%82,2026-07-11T07:50:47+00:00,verified,intro evidence
CNUR-000065,大庆市,大庆市,true,true,黑龙江省地级市,地级市,Q304848,Q748149,12688,93079915,https://zh.wikipedia.org/wiki/%E5%A4%A7%E5%BA%86%E5%B8%82,2026-07-11T07:50:47+00:00,verified,category evidence
CNUR-000066,伊春市,伊春市,true,true,,地级市 | 自治州,Q349976,Q748149,45342,92526169,https://zh.wikipedia.org/wiki/%E4%BC%8A%E6%98%A5%E5%B8%82,2026-07-11T07:50:47+00:00,verified,intro evidence
CNUR-000067,佳木斯市,佳木斯市,true,true,,地级市 | 地级行政区 | 自治州 | 地区,Q29003,Q748149,45338,93300570,https://zh.wikipedia.org/wiki/%E4%BD%B3%E6%9C%A8%E6%96%AF%E5%B8%82,2026-07-11T07:50:47+00:00,verified,intro evidence
CNUR-000068,七台河市,七台河市,true,true,,地级市,Q349979,Q748149,45341,90896225,https://zh.wikipedia.org/wiki/%E4%B8%83%E5%8F%B0%E6%B2%B3%E5%B8%82,2026-07-11T07:50:47+00:00,verified,intro evidence
CNUR-000069,牡丹江市,牡丹江市,true,true,,,Q217646,Q748149,45339,92746425,https://zh.wikipedia.org/wiki/%E7%89%A1%E4%B8%B9%E6%B1%9F%E5%B8%82,2026-07-11T07:50:47+00:00,verified,wikidata instance evidence
CNUR-000070,黑河市,黑河市,true,true,,,Q349983,Q748149,45344,93300659,https://zh.wikipedia.org/wiki/%E9%BB%91%E6%B2%B3%E5%B8%82,2026-07-11T07:50:47+00:00,verified,wikidata instance evidence
CNUR-000071,绥化市,绥化市,true,true,,,Q349985,Q748149,45345,92526311,https://zh.wikipedia.org/wiki/%E7%BB%A5%E5%8C%96%E5%B8%82,2026-07-11T07:50:47+00:00,verified,wikidata instance evidence
CNUR-000072,大兴安岭地区,大兴安岭地区,true,true,,地级行政区 | 地区,Q984457,,45346,91874738,https://zh.wikipedia.org/wiki/%E5%A4%A7%E5%85%B4%E5%AE%89%E5%B2%AD%E5%9C%B0%E5%8C%BA,2026-07-11T07:50:47+00:00,verified,intro evidence
CNUR-000073,上海市,上海市,true,true,,地区,Q8686,,235,93349342,https://zh.wikipedia.org/wiki/%E4%B8%8A%E6%B5%B7%E5%B8%82,2026-07-11T07:50:47+00:00,verified,municipality rule
CNUR-000074,南京市,南京市,true,true,,地区,Q16666,Q748149,2980,93279038,https://zh.wikipedia.org/wiki/%E5%8D%97%E4%BA%AC%E5%B8%82,2026-07-11T07:50:47+00:00,verified,intro evidence
CNUR-000075,无锡市,无锡市,true,true,江苏省地级市,地级市 | 地区,Q42651,Q748149,10832,93142558,https://zh.wikipedia.org/wiki/%E6%97%A0%E9%94%A1%E5%B8%82,2026-07-11T07:50:47+00:00,verified,category evidence
CNUR-000076,徐州市,徐州市,true,true,,地级市,Q57719,Q748149,18411,93000032,https://zh.wikipedia.org/wiki/%E5%BE%90%E5%B7%9E%E5%B8%82,2026-07-11T07:50:47+00:00,verified,intro evidence
CNUR-000077,常州市,常州市,true,true,,,Q57970,Q748149,17407,93363957,https://zh.wikipedia.org/wiki/%E5%B8%B8%E5%B7%9E%E5%B8%82,2026-07-11T07:50:47+00:00,verified,wikidata instance evidence
CNUR-000078,苏州市,苏州市,true,true,江苏省地级市,,Q42622,Q748149,1168,93299643,https://zh.wikipedia.org/wiki/%E8%8B%8F%E5%B7%9E%E5%B8%82,2026-07-11T07:50:47+00:00,verified,category evidence
CNUR-000079,南通市,南通市,true,true,江苏省地级市,地级市 | 地区,Q57947,Q748149,12565,93135299,https://zh.wikipedia.org/wiki/%E5%8D%97%E9%80%9A%E5%B8%82,2026-07-11T07:50:47+00:00,verified,category evidence
CNUR-000080,连云港市,连云港市,true,true,,,Q57756,Q748149,37596,92493999,https://zh.wikipedia.org/wiki/%E8%BF%9E%E4%BA%91%E6%B8%AF%E5%B8%82,2026-07-11T07:50:47+00:00,verified,wikidata instance evidence
CNUR-000081,淮安市,淮安市,true,true,,,Q57818,Q748149,45356,91513228,https://zh.wikipedia.org/wiki/%E6%B7%AE%E5%AE%89%E5%B8%82,2026-07-11T07:50:47+00:00,verified,wikidata instance evidence
CNUR-000082,盐城市,盐城市,true,true,,,Q57866,Q748149,19316,93381570,https://zh.wikipedia.org/wiki/%E7%9B%90%E5%9F%8E%E5%B8%82,2026-07-11T07:50:47+00:00,verified,wikidata instance evidence
CNUR-000083,扬州市,扬州市,true,true,,地级市 | 地区,Q57906,Q748149,17588,93216934,https://zh.wikipedia.org/wiki/%E6%89%AC%E5%B7%9E%E5%B8%82,2026-07-11T07:50:47+00:00,verified,intro evidence
CNUR-000084,镇江市,镇江市,true,true,,,Q57958,Q748149,25360,92995303,https://zh.wikipedia.org/wiki/%E9%95%87%E6%B1%9F%E5%B8%82,2026-07-11T07:50:47+00:00,verified,wikidata instance evidence
CNUR-000085,泰州市,泰州市,true,true,,地级市 | 地区,Q57931,Q748149,45352,92995385,https://zh.wikipedia.org/wiki/%E6%B3%B0%E5%B7%9E%E5%B8%82,2026-07-11T07:50:47+00:00,verified,intro evidence
CNUR-000086,宿迁市,宿迁市,true,true,,地级市,Q57787,Q748149,45353,92494225,https://zh.wikipedia.org/wiki/%E5%AE%BF%E8%BF%81%E5%B8%82,2026-07-11T07:50:47+00:00,verified,intro evidence
CNUR-000087,杭州市,杭州市,true,true,浙江省地级市,地级市 | 地区,Q4970,Q748149,4651,93301721,https://zh.wikipedia.org/wiki/%E6%9D%AD%E5%B7%9E%E5%B8%82,2026-07-11T07:50:47+00:00,verified,category evidence
CNUR-000088,宁波市,宁波市,true,true,浙江省地级市,,Q42780,Q748149,10997,93184061,https://zh.wikipedia.org/wiki/%E5%AE%81%E6%B3%A2%E5%B8%82,2026-07-11T07:50:47+00:00,verified,category evidence
CNUR-000089,温州市,温州市,true,true,浙江省地级市,,Q42635,Q748149,10244,93133727,https://zh.wikipedia.org/wiki/%E6%B8%A9%E5%B7%9E%E5%B8%82,2026-07-11T07:50:47+00:00,verified,category evidence
CNUR-000090,嘉兴市,嘉兴市,true,true,,地级市,Q58178,Q748149,25172,93198932,https://zh.wikipedia.org/wiki/%E5%98%89%E5%85%B4%E5%B8%82,2026-07-11T07:50:47+00:00,verified,intro evidence
CNUR-000091,湖州市,湖州市,true,true,浙江省地级市,,Q42664,Q748149,12533,91689707,https://zh.wikipedia.org/wiki/%E6%B9%96%E5%B7%9E%E5%B8%82,2026-07-11T07:50:47+00:00,verified,category evidence
CNUR-000092,绍兴市,绍兴市,true,true,浙江省地级市,,Q42666,Q748149,6652,93301637,https://zh.wikipedia.org/wiki/%E7%BB%8D%E5%85%B4%E5%B8%82,2026-07-11T07:50:47+00:00,verified,category evidence
CNUR-000093,金华市,金华市,true,true,,,Q58210,Q748149,301104,93133886,https://zh.wikipedia.org/wiki/%E9%87%91%E5%8D%8E%E5%B8%82,2026-07-11T07:50:47+00:00,verified,wikidata instance evidence
CNUR-000094,衢州市,衢州市,true,true,浙江省地级市,,Q58235,Q748149,15445,92408201,https://zh.wikipedia.org/wiki/%E8%A1%A2%E5%B7%9E%E5%B8%82,2026-07-11T07:50:47+00:00,verified,category evidence
CNUR-000095,舟山市,舟山市,true,true,,,Q58324,Q748149,44552,93024000,https://zh.wikipedia.org/wiki/%E8%88%9F%E5%B1%B1%E5%B8%82,2026-07-11T07:50:47+00:00,verified,wikidata instance evidence
CNUR-000096,台州市,台州市,true,true,,地级市,Q58273,Q748149,45443,93286827,https://zh.wikipedia.org/wiki/%E5%8F%B0%E5%B7%9E%E5%B8%82,2026-07-11T07:50:47+00:00,verified,intro evidence
CNUR-000097,丽水市,丽水市,true,true,浙江省地级市,地级市,Q58294,Q748149,15601,93125828,https://zh.wikipedia.org/wiki/%E4%B8%BD%E6%B0%B4%E5%B8%82,2026-07-11T07:50:47+00:00,verified,category evidence
CNUR-000098,合肥市,合肥市,true,true,,地级市 | 地区 | 盟,Q185684,Q748149,657,93267883,https://zh.wikipedia.org/wiki/%E5%90%88%E8%82%A5%E5%B8%82,2026-07-11T07:50:47+00:00,verified,intro evidence
CNUR-000099,芜湖市,芜湖市,true,true,,,Q359990,Q748149,884929,93041193,https://zh.wikipedia.org/wiki/%E8%8A%9C%E6%B9%96%E5%B8%82,2026-07-11T07:50:47+00:00,verified,wikidata instance evidence
CNUR-000100,蚌埠市,蚌埠市,true,true,安徽省地级市,,Q360069,Q748149,8498,93273008,https://zh.wikipedia.org/wiki/%E8%9A%8C%E5%9F%A0%E5%B8%82,2026-07-11T07:50:47+00:00,verified,category evidence
CNUR-000101,淮南市,淮南市,true,true,,,Q360178,Q748149,42829,92564903,https://zh.wikipedia.org/wiki/%E6%B7%AE%E5%8D%97%E5%B8%82,2026-07-11T07:50:47+00:00,verified,wikidata instance evidence
CNUR-000102,马鞍山市,马鞍山市,true,true,,,Q360235,Q748149,46158,93306571,https://zh.wikipedia.org/wiki/%E9%A9%AC%E9%9E%8D%E5%B1%B1%E5%B8%82,2026-07-11T07:50:47+00:00,verified,wikidata instance evidence
CNUR-000103,淮北市,淮北市,true,true,,地级市,Q360268,Q748149,46160,92564951,https://zh.wikipedia.org/wiki/%E6%B7%AE%E5%8C%97%E5%B8%82,2026-07-11T07:50:47+00:00,verified,intro evidence
CNUR-000104,铜陵市,铜陵市,true,true,,,Q360326,Q748149,46159,93267728,https://zh.wikipedia.org/wiki/%E9%93%9C%E9%99%B5%E5%B8%82,2026-07-11T07:50:47+00:00,verified,wikidata instance evidence
CNUR-000105,安庆市,安庆市,true,true,安徽省地级市,地级市,Q360374,Q748149,11208,93297026,https://zh.wikipedia.org/wiki/%E5%AE%89%E5%BA%86%E5%B8%82,2026-07-11T07:50:47+00:00,verified,category evidence
CNUR-000106,黄山市,黄山市,true,true,安徽省地级市,,Q180470,Q748149,9952,93119201,https://zh.wikipedia.org/wiki/%E9%BB%84%E5%B1%B1%E5%B8%82,2026-07-11T07:50:47+00:00,verified,category evidence
CNUR-000107,滁州市,滁州市,true,true,安徽省地级市,,Q114045,Q748149,12771,93327254,https://zh.wikipedia.org/wiki/%E6%BB%81%E5%B7%9E%E5%B8%82,2026-07-11T07:50:47+00:00,verified,category evidence
CNUR-000108,阜阳市,阜阳市,true,true,,,Q360584,Q748149,26078,92675746,https://zh.wikipedia.org/wiki/%E9%98%9C%E9%98%B3%E5%B8%82,2026-07-11T07:50:47+00:00,verified,wikidata instance evidence
CNUR-000109,宿州市,宿州市,true,true,,地级市,Q360643,Q748149,46162,92565101,https://zh.wikipedia.org/wiki/%E5%AE%BF%E5%B7%9E%E5%B8%82,2026-07-11T07:50:47+00:00,verified,intro evidence
CNUR-000110,巢湖市 (地级市),巢湖市 (地级市),true,true,,地级市 | 地区,Q15902569,,1643511,92989534,https://zh.wikipedia.org/wiki/%E5%B7%A2%E6%B9%96%E5%B8%82_(%E5%9C%B0%E7%BA%A7%E5%B8%82),2026-07-11T07:50:47+00:00,verified,intro evidence
CNUR-000111,六安市,六安市,true,true,,地级市,Q360702,Q748149,40492,92565127,https://zh.wikipedia.org/wiki/%E5%85%AD%E5%AE%89%E5%B8%82,2026-07-11T07:50:47+00:00,verified,intro evidence
CNUR-000112,亳州市,亳州市,true,true,安徽省地级市,地级市,Q360769,Q748149,192,92565160,https://zh.wikipedia.org/wiki/%E4%BA%B3%E5%B7%9E%E5%B8%82,2026-07-11T07:50:47+00:00,verified,category evidence
CNUR-000113,池州市,池州市,true,true,,地级市,Q360870,Q748149,46163,92565174,https://zh.wikipedia.org/wiki/%E6%B1%A0%E5%B7%9E%E5%B8%82,2026-07-11T07:50:47+00:00,verified,intro evidence
CNUR-000114,宣城市,宣城市,true,true,安徽省地级市,地级市 | 地区,Q360942,Q748149,16476,92565191,https://zh.wikipedia.org/wiki/%E5%AE%A3%E5%9F%8E%E5%B8%82,2026-07-11T07:50:47+00:00,verified,category evidence
CNUR-000115,福州市,福州市,true,true,福建省地级市,,Q68481,Q748149,8299,93273016,https://zh.wikipedia.org/wiki/%E7%A6%8F%E5%B7%9E%E5%B8%82,2026-07-11T07:50:47+00:00,verified,category evidence
CNUR-000116,厦门市,厦门市,true,true,,,Q68744,Q748149,12160,93273013,https://zh.wikipedia.org/wiki/%E5%8E%A6%E9%97%A8%E5%B8%82,2026-07-11T07:50:47+00:00,verified,wikidata instance evidence
CNUR-000117,莆田市,莆田市,true,true,,,Q68579,Q748149,46322,92165418,https://zh.wikipedia.org/wiki/%E8%8E%86%E7%94%B0%E5%B8%82,2026-07-11T07:50:47+00:00,verified,wikidata instance evidence
CNUR-000118,三明市,三明市,true,true,,地级市,Q68614,Q748149,46323,93203588,https://zh.wikipedia.org/wiki/%E4%B8%89%E6%98%8E%E5%B8%82,2026-07-11T07:50:47+00:00,verified,intro evidence
CNUR-000119,泉州市,泉州市,true,true,福建省地级市,地级市 | 地区,Q68695,Q748149,16623,93133729,https://zh.wikipedia.org/wiki/%E6%B3%89%E5%B7%9E%E5%B8%82,2026-07-11T07:50:47+00:00,verified,category evidence
CNUR-000120,漳州市,漳州市,true,true,,,Q68814,Q748149,19936,93133735,https://zh.wikipedia.org/wiki/%E6%BC%B3%E5%B7%9E%E5%B8%82,2026-07-11T07:50:47+00:00,verified,wikidata instance evidence
CNUR-000121,南平市,南平市,true,true,,地级市,Q68534,Q748149,46331,93133749,https://zh.wikipedia.org/wiki/%E5%8D%97%E5%B9%B3%E5%B8%82,2026-07-11T07:50:47+00:00,verified,intro evidence
CNUR-000122,龙岩市,龙岩市,true,true,,,Q68862,Q748149,46335,93151933,https://zh.wikipedia.org/wiki/%E9%BE%99%E5%B2%A9%E5%B8%82,2026-07-11T07:50:47+00:00,verified,wikidata instance evidence
CNUR-000123,宁德市,宁德市,true,true,,地级市 | 地区,Q68919,Q748149,46336,93133759,https://zh.wikipedia.org/wiki/%E5%AE%81%E5%BE%B7%E5%B8%82,2026-07-11T07:50:47+00:00,verified,intro evidence
CNUR-000124,南昌市,南昌市,true,true,江西省地级市,地区,Q171943,Q748149,13048,93266288,https://zh.wikipedia.org/wiki/%E5%8D%97%E6%98%8C%E5%B8%82,2026-07-11T07:50:47+00:00,verified,category evidence
CNUR-000125,景德镇市,景德镇市,true,true,,地级市,Q34405,Q748149,46472,93352487,https://zh.wikipedia.org/wiki/%E6%99%AF%E5%BE%B7%E9%95%87%E5%B8%82,2026-07-11T07:50:47+00:00,verified,intro evidence
CNUR-000126,萍乡市,萍乡市,true,true,,,Q362865,Q748149,46473,92785767,https://zh.wikipedia.org/wiki/%E8%90%8D%E4%B9%A1%E5%B8%82,2026-07-11T07:50:47+00:00,verified,wikidata instance evidence
CNUR-000127,九江市,九江市,true,true,,地级市,Q216077,Q748149,24982,92777336,https://zh.wikipedia.org/wiki/%E4%B9%9D%E6%B1%9F%E5%B8%82,2026-07-11T07:50:47+00:00,verified,intro evidence
CNUR-000128,新余市,新余市,true,true,,地级市,Q362959,Q748149,46474,92434359,https://zh.wikipedia.org/wiki/%E6%96%B0%E4%BD%99%E5%B8%82,2026-07-11T07:50:47+00:00,verified,intro evidence
CNUR-000129,鹰潭市,鹰潭市,true,true,,,Q363076,Q748149,46475,93088076,https://zh.wikipedia.org/wiki/%E9%B9%B0%E6%BD%AD%E5%B8%82,2026-07-11T07:50:47+00:00,verified,wikidata instance evidence
CNUR-000130,赣州市,赣州市,true,true,,,Q363166,Q748149,36809,93045086,https://zh.wikipedia.org/wiki/%E8%B5%A3%E5%B7%9E%E5%B8%82,2026-07-11T07:50:47+00:00,verified,wikidata instance evidence
CNUR-000131,吉安市,吉安市,true,true,,地级市,Q363262,Q748149,46484,92434282,https://zh.wikipedia.org/wiki/%E5%90%89%E5%AE%89%E5%B8%82,2026-07-11T07:50:47+00:00,verified,intro evidence
CNUR-000132,宜春市,宜春市,true,true,,地级市,Q363326,Q748149,46483,93129008,https://zh.wikipedia.org/wiki/%E5%AE%9C%E6%98%A5%E5%B8%82,2026-07-11T07:50:47+00:00,verified,intro evidence
CNUR-000133,抚州市,抚州市,true,true,,地级市,Q363391,Q748149,46485,91318461,https://zh.wikipedia.org/wiki/%E6%8A%9A%E5%B7%9E%E5%B8%82,2026-07-11T07:50:47+00:00,verified,intro evidence
CNUR-000134,上饶市,上饶市,true,true,,地级市,Q363479,Q748149,31052,93029421,https://zh.wikipedia.org/wiki/%E4%B8%8A%E9%A5%B6%E5%B8%82,2026-07-11T07:50:47+00:00,verified,intro evidence
CNUR-000135,济南市,济南市,true,true,山东省地级市,,Q170247,Q748149,1146,93408614,https://zh.wikipedia.org/wiki/%E6%B5%8E%E5%8D%97%E5%B8%82,2026-07-11T07:50:47+00:00,verified,category evidence
CNUR-000136,青岛市,青岛市,true,true,山东省地级市,,Q170322,Q748149,3254,93336649,https://zh.wikipedia.org/wiki/%E9%9D%92%E5%B2%9B%E5%B8%82,2026-07-11T07:50:47+00:00,verified,category evidence
CNUR-000137,淄博市,淄博市,true,true,,,Q198370,Q748149,15428,91318944,https://zh.wikipedia.org/wiki/%E6%B7%84%E5%8D%9A%E5%B8%82,2026-07-11T07:50:47+00:00,verified,wikidata instance evidence
CNUR-000138,枣庄市,枣庄市,true,true,山东省地级市,地级市,Q147187,Q748149,9845,92479501,https://zh.wikipedia.org/wiki/%E6%9E%A3%E5%BA%84%E5%B8%82,2026-07-11T07:50:47+00:00,verified,category evidence
CNUR-000139,东营市,东营市,true,true,山东省地级市,地级市,Q372414,Q748149,4166,92121972,https://zh.wikipedia.org/wiki/%E4%B8%9C%E8%90%A5%E5%B8%82,2026-07-11T07:50:47+00:00,verified,category evidence
CNUR-000140,烟台市,烟台市,true,true,山东省地级市,,Q210493,Q748149,3109,93292309,https://zh.wikipedia.org/wiki/%E7%83%9F%E5%8F%B0%E5%B8%82,2026-07-11T07:50:47+00:00,verified,category evidence
CNUR-000141,潍坊市,潍坊市,true,true,山东省地级市,,Q217698,Q748149,4022,92423453,https://zh.wikipedia.org/wiki/%E6%BD%8D%E5%9D%8A%E5%B8%82,2026-07-11T07:50:47+00:00,verified,category evidence
CNUR-000142,济宁市,济宁市,true,true,山东省地级市,,Q372791,Q748149,10793,92479805,https://zh.wikipedia.org/wiki/%E6%B5%8E%E5%AE%81%E5%B8%82,2026-07-11T07:50:47+00:00,verified,category evidence
CNUR-000143,泰安市,泰安市,true,true,山东省地级市,,Q217681,Q748149,10792,93341721,https://zh.wikipedia.org/wiki/%E6%B3%B0%E5%AE%89%E5%B8%82,2026-07-11T07:50:47+00:00,verified,category evidence
CNUR-000144,威海市,威海市,true,true,山东省地级市,地级市 | 地区,Q373023,Q748149,3230,92479866,https://zh.wikipedia.org/wiki/%E5%A8%81%E6%B5%B7%E5%B8%82,2026-07-11T07:50:47+00:00,verified,category evidence
CNUR-000145,日照市,日照市,true,true,,地级市,Q373101,Q748149,37325,92608446,https://zh.wikipedia.org/wiki/%E6%97%A5%E7%85%A7%E5%B8%82,2026-07-11T07:50:47+00:00,verified,intro evidence
CNUR-000146,莱芜市,莱芜市,true,true,,,Q373234,Q748149,51956,93268769,https://zh.wikipedia.org/wiki/%E8%8E%B1%E8%8A%9C%E5%B8%82,2026-07-11T07:50:47+00:00,verified,wikidata instance evidence
CNUR-000147,临沂市,临沂市,true,true,,地级市,Q373346,Q748149,36525,93004214,https://zh.wikipedia.org/wiki/%E4%B8%B4%E6%B2%82%E5%B8%82,2026-07-11T07:50:47+00:00,verified,intro evidence
CNUR-000148,德州市,德州市,true,true,山东省地级市,地级市,Q162880,Q748149,12749,93140394,https://zh.wikipedia.org/wiki/%E5%BE%B7%E5%B7%9E%E5%B8%82,2026-07-11T07:50:47+00:00,verified,category evidence
CNUR-000149,聊城市,聊城市,true,true,,,Q373564,Q748149,51957,93129018,https://zh.wikipedia.org/wiki/%E8%81%8A%E5%9F%8E%E5%B8%82,2026-07-11T07:50:47+00:00,verified,wikidata instance evidence
CNUR-000150,滨州市,滨州市,true,true,,,Q373687,Q748149,51954,92479374,https://zh.wikipedia.org/wiki/%E6%BB%A8%E5%B7%9E%E5%B8%82,2026-07-11T07:50:47+00:00,verified,wikidata instance evidence
CNUR-000151,菏泽市,菏泽市,true,true,,,Q332753,Q748149,24823,93406659,https://zh.wikipedia.org/wiki/%E8%8F%8F%E6%B3%BD%E5%B8%82,2026-07-11T07:50:47+00:00,verified,wikidata instance evidence
CNUR-000152,郑州市,郑州市,true,true,河南省地级市,,Q30340,Q748149,8352,93276290,https://zh.wikipedia.org/wiki/%E9%83%91%E5%B7%9E%E5%B8%82,2026-07-11T07:50:47+00:00,verified,category evidence
CNUR-000153,开封市,开封市,true,true,河南省地级市,地级市,Q208471,Q748149,12730,91319503,https://zh.wikipedia.org/wiki/%E5%BC%80%E5%B0%81%E5%B8%82,2026-07-11T07:50:47+00:00,verified,category evidence
CNUR-000154,洛阳市,洛阳市,true,true,河南省地级市,,Q187136,Q748149,4447,92976462,https://zh.wikipedia.org/wiki/%E6%B4%9B%E9%98%B3%E5%B8%82,2026-07-11T07:50:47+00:00,verified,category evidence
CNUR-000155,平顶山市,平顶山市,true,true,河南省地级市,地级市,Q404116,Q748149,12740,93218303,https://zh.wikipedia.org/wiki/%E5%B9%B3%E9%A1%B6%E5%B1%B1%E5%B8%82,2026-07-11T07:50:47+00:00,verified,category evidence
CNUR-000156,安阳市,安阳市,true,true,河南省地级市,地级市,Q324293,Q748149,12732,93089084,https://zh.wikipedia.org/wiki/%E5%AE%89%E9%98%B3%E5%B8%82,2026-07-11T07:50:47+00:00,verified,category evidence
CNUR-000157,鹤壁市,鹤壁市,true,true,河南省地级市,,Q404301,Q748149,12745,91781701,https://zh.wikipedia.org/wiki/%E9%B9%A4%E5%A3%81%E5%B8%82,2026-07-11T07:50:47+00:00,verified,category evidence
CNUR-000158,新乡市,新乡市,true,true,河南省地级市,地级市,Q404362,Q748149,12733,92702382,https://zh.wikipedia.org/wiki/%E6%96%B0%E4%B9%A1%E5%B8%82,2026-07-11T07:50:47+00:00,verified,category evidence
CNUR-000159,焦作市,焦作市,true,true,河南省地级市,,Q404429,Q748149,12741,93335065,https://zh.wikipedia.org/wiki/%E7%84%A6%E4%BD%9C%E5%B8%82,2026-07-11T07:50:47+00:00,verified,category evidence
CNUR-000160,濮阳市,濮阳市,true,true,,,Q404484,Q748149,95470,91536853,https://zh.wikipedia.org/wiki/%E6%BF%AE%E9%98%B3%E5%B8%82,2026-07-11T07:50:47+00:00,verified,wikidata instance evidence
CNUR-000161,许昌市,许昌市,true,true,河南省地级市,,Q404529,Q748149,12734,92221890,https://zh.wikipedia.org/wiki/%E8%AE%B8%E6%98%8C%E5%B8%82,2026-07-11T07:50:47+00:00,verified,category evidence
CNUR-000162,漯河市,漯河市,true,true,河南省地级市,,Q404599,Q748149,12736,92765070,https://zh.wikipedia.org/wiki/%E6%BC%AF%E6%B2%B3%E5%B8%82,2026-07-11T07:50:47+00:00,verified,category evidence
CNUR-000163,三门峡市,三门峡市,true,true,河南省地级市,地级市,Q404636,Q748149,12739,91433559,https://zh.wikipedia.org/wiki/%E4%B8%89%E9%97%A8%E5%B3%A1%E5%B8%82,2026-07-11T07:50:47+00:00,verified,category evidence
CNUR-000164,南阳市,南阳市,true,true,河南省地级市,地级市,Q404763,Q748149,6893,93246202,https://zh.wikipedia.org/wiki/%E5%8D%97%E9%98%B3%E5%B8%82,2026-07-11T07:50:47+00:00,verified,category evidence
CNUR-000165,商丘市,商丘市,true,true,河南省地级市,地级市,Q404817,Q748149,12731,92580072,https://zh.wikipedia.org/wiki/%E5%95%86%E4%B8%98%E5%B8%82,2026-07-11T07:50:47+00:00,verified,category evidence
CNUR-000166,信阳市,信阳市,true,true,河南省地级市,地级市,Q404873,Q748149,12738,93203576,https://zh.wikipedia.org/wiki/%E4%BF%A1%E9%98%B3%E5%B8%82,2026-07-11T07:50:47+00:00,verified,category evidence
CNUR-000167,周口市,周口市,true,true,河南省地级市,地级市,Q198061,Q748149,12744,92524844,https://zh.wikipedia.org/wiki/%E5%91%A8%E5%8F%A3%E5%B8%82,2026-07-11T07:50:47+00:00,verified,category evidence
CNUR-000168,驻马店市,驻马店市,true,true,河南省地级市,,Q198240,Q748149,12737,93045644,https://zh.wikipedia.org/wiki/%E9%A9%BB%E9%A9%AC%E5%BA%97%E5%B8%82,2026-07-11T07:50:47+00:00,verified,category evidence
CNUR-000169,武汉市,武汉市,true,true,湖北省地级市,地区,Q11746,Q748149,7290,93215871,https://zh.wikipedia.org/wiki/%E6%AD%A6%E6%B1%89%E5%B8%82,2026-07-11T07:50:47+00:00,verified,category evidence
CNUR-000170,黄石市,黄石市,true,true,,,Q71204,Q748149,52958,92067683,https://zh.wikipedia.org/wiki/%E9%BB%84%E7%9F%B3%E5%B8%82,2026-07-11T07:50:47+00:00,verified,wikidata instance evidence
CNUR-000171,十堰市,十堰市,true,true,,地级市,Q71227,Q748149,53627,91611214,https://zh.wikipedia.org/wiki/%E5%8D%81%E5%A0%B0%E5%B8%82,2026-07-11T07:50:47+00:00,verified,intro evidence
CNUR-000172,宜昌市,宜昌市,true,true,,地级市,Q71266,Q748149,59102,92767500,https://zh.wikipedia.org/wiki/%E5%AE%9C%E6%98%8C%E5%B8%82,2026-07-11T07:50:47+00:00,verified,intro evidence
CNUR-000173,襄阳市,襄阳市,true,true,湖北省地级市,,Q71284,Q748149,10735,93373563,https://zh.wikipedia.org/wiki/%E8%A5%84%E9%98%B3%E5%B8%82,2026-07-11T07:50:47+00:00,verified,category evidence
CNUR-000174,鄂州市,鄂州市,true,true,,,Q71305,Q748149,95425,93237953,https://zh.wikipedia.org/wiki/%E9%84%82%E5%B7%9E%E5%B8%82,2026-07-11T07:50:47+00:00,verified,wikidata instance evidence
CNUR-000175,荆门市,荆门市,true,true,,,Q71323,Q748149,41916,92235203,https://zh.wikipedia.org/wiki/%E8%8D%86%E9%97%A8%E5%B8%82,2026-07-11T07:50:47+00:00,verified,wikidata instance evidence
CNUR-000176,孝感市,孝感市,true,true,,地级市,Q71339,Q748149,44643,92061269,https://zh.wikipedia.org/wiki/%E5%AD%9D%E6%84%9F%E5%B8%82,2026-07-11T07:50:47+00:00,verified,intro evidence
CNUR-000177,荆州市,荆州市,true,true,湖北省地级市,,Q71247,Q748149,2797,92466636,https://zh.wikipedia.org/wiki/%E8%8D%86%E5%B7%9E%E5%B8%82,2026-07-11T07:50:47+00:00,verified,category evidence
CNUR-000178,黄冈市,黄冈市,true,true,,,Q71355,Q748149,18935,93116544,https://zh.wikipedia.org/wiki/%E9%BB%84%E5%86%88%E5%B8%82,2026-07-11T07:50:47+00:00,verified,wikidata instance evidence
CNUR-000179,咸宁市,咸宁市,true,true,,地级市 | 地区,Q71373,Q748149,95426,91730636,https://zh.wikipedia.org/wiki/%E5%92%B8%E5%AE%81%E5%B8%82,2026-07-11T07:50:47+00:00,verified,intro evidence
CNUR-000180,随州市,随州市,true,true,,,Q71401,Q748149,95427,92757485,https://zh.wikipedia.org/wiki/%E9%9A%8F%E5%B7%9E%E5%B8%82,2026-07-11T07:50:47+00:00,verified,wikidata instance evidence
CNUR-000181,恩施土家族苗族自治州,恩施土家族苗族自治州,true,true,,自治州,Q71415,Q788104,95428,92699826,https://zh.wikipedia.org/wiki/%E6%81%A9%E6%96%BD%E5%9C%9F%E5%AE%B6%E6%97%8F%E8%8B%97%E6%97%8F%E8%87%AA%E6%B2%BB%E5%B7%9E,2026-07-11T07:50:47+00:00,verified,intro evidence
CNUR-000182,长沙市,长沙市,true,true,湖南省地级市,,Q174091,Q748149,4664,93272399,https://zh.wikipedia.org/wiki/%E9%95%BF%E6%B2%99%E5%B8%82,2026-07-11T07:50:47+00:00,verified,category evidence
CNUR-000183,株洲市,株洲市,true,true,,地级市 | 地区,Q198266,Q748149,44570,93005406,https://zh.wikipedia.org/wiki/%E6%A0%AA%E6%B4%B2%E5%B8%82,2026-07-11T07:50:47+00:00,verified,intro evidence
CNUR-000184,湘潭市,湘潭市,true,true,,,Q215755,Q748149,15916,92100532,https://zh.wikipedia.org/wiki/%E6%B9%98%E6%BD%AD%E5%B8%82,2026-07-11T07:50:47+00:00,verified,wikidata instance evidence
CNUR-000185,衡阳市,衡阳市,true,true,,,Q144663,Q748149,15807,91882866,https://zh.wikipedia.org/wiki/%E8%A1%A1%E9%98%B3%E5%B8%82,2026-07-11T07:50:47+00:00,verified,wikidata instance evidence
CNUR-000186,邵阳市,邵阳市,true,true,,,Q194531,Q748149,300694,92857934,https://zh.wikipedia.org/wiki/%E9%82%B5%E9%98%B3%E5%B8%82,2026-07-11T07:50:47+00:00,verified,wikidata instance evidence
CNUR-000187,岳阳市,岳阳市,true,true,湖南省地级市,地级市,Q151958,Q748149,7233,93047683,https://zh.wikipedia.org/wiki/%E5%B2%B3%E9%98%B3%E5%B8%82,2026-07-11T07:50:47+00:00,verified,category evidence
CNUR-000188,常德市,常德市,true,true,湖南省地级市,地级市,Q416544,Q748149,5327,92739147,https://zh.wikipedia.org/wiki/%E5%B8%B8%E5%BE%B7%E5%B8%82,2026-07-11T07:50:47+00:00,verified,category evidence
CNUR-000189,张家界市,张家界市,true,true,湖南省地级市,地级市,Q197379,Q748149,12790,93273009,https://zh.wikipedia.org/wiki/%E5%BC%A0%E5%AE%B6%E7%95%8C%E5%B8%82,2026-07-11T07:50:47+00:00,verified,category evidence
CNUR-000190,益阳市,益阳市,true,true,湖南省地级市,,Q416669,Q748149,8228,92678656,https://zh.wikipedia.org/wiki/%E7%9B%8A%E9%98%B3%E5%B8%82,2026-07-11T07:50:47+00:00,verified,category evidence
CNUR-000191,郴州市,郴州市,true,true,,,Q416748,Q748149,16441,93092014,https://zh.wikipedia.org/wiki/%E9%83%B4%E5%B7%9E%E5%B8%82,2026-07-11T07:50:47+00:00,verified,wikidata instance evidence
CNUR-000192,永州市,永州市,true,true,,地级市,Q266014,Q748149,16329,93298158,https://zh.wikipedia.org/wiki/%E6%B0%B8%E5%B7%9E%E5%B8%82,2026-07-11T07:50:47+00:00,verified,intro evidence
CNUR-000193,怀化市,怀化市,true,true,,地级市 | 地区,Q416922,Q748149,16246,93309095,https://zh.wikipedia.org/wiki/%E6%80%80%E5%8C%96%E5%B8%82,2026-07-11T07:50:47+00:00,verified,intro evidence
CNUR-000194,娄底市,娄底市,true,true,,地级市,Q416988,Q748149,16446,91318547,https://zh.wikipedia.org/wiki/%E5%A8%84%E5%BA%95%E5%B8%82,2026-07-11T07:50:47+00:00,verified,intro evidence
CNUR-000195,湘西土家族苗族自治州,湘西土家族苗族自治州,true,true,,,Q763069,Q788104,6914,93004329,https://zh.wikipedia.org/wiki/%E6%B9%98%E8%A5%BF%E5%9C%9F%E5%AE%B6%E6%97%8F%E8%8B%97%E6%97%8F%E8%87%AA%E6%B2%BB%E5%B7%9E,2026-07-11T07:50:47+00:00,verified,wikidata instance evidence
CNUR-000196,广州市,广州市,true,true,广东省地级市,地区,Q16572,Q748149,1329,93089409,https://zh.wikipedia.org/wiki/%E5%B9%BF%E5%B7%9E%E5%B8%82,2026-07-11T07:50:47+00:00,verified,category evidence
CNUR-000197,韶关市,韶关市,true,true,,,Q59107,Q748149,46764,92819306,https://zh.wikipedia.org/wiki/%E9%9F%B6%E5%85%B3%E5%B8%82,2026-07-11T07:50:47+00:00,verified,wikidata instance evidence
CNUR-000198,深圳市,深圳市,true,true,广东省地级市,,Q15174,Q748149,486,93396080,https://zh.wikipedia.org/wiki/%E6%B7%B1%E5%9C%B3%E5%B8%82,2026-07-11T07:50:47+00:00,verified,category evidence
CNUR-000199,珠海市,珠海市,true,true,,,Q59095,Q748149,13445,91827871,https://zh.wikipedia.org/wiki/%E7%8F%A0%E6%B5%B7%E5%B8%82,2026-07-11T07:50:47+00:00,verified,wikidata instance evidence
CNUR-000200,汕头市,汕头市,true,true,,地级市,Q59100,Q748149,24816,93328248,https://zh.wikipedia.org/wiki/%E6%B1%95%E5%A4%B4%E5%B8%82,2026-07-11T07:50:47+00:00,verified,intro evidence
CNUR-000201,佛山市,佛山市,true,true,广东省地级市,地级市 | 地区,Q34412,Q748149,15810,93273435,https://zh.wikipedia.org/wiki/%E4%BD%9B%E5%B1%B1%E5%B8%82,2026-07-11T07:50:47+00:00,verified,category evidence
CNUR-000202,江门市,江门市,true,true,,,Q59132,Q748149,35312,92469199,https://zh.wikipedia.org/wiki/%E6%B1%9F%E9%97%A8%E5%B8%82,2026-07-11T07:50:47+00:00,verified,wikidata instance evidence
CNUR-000203,湛江市,湛江市,true,true,,,Q59144,Q748149,72248,93272324,https://zh.wikipedia.org/wiki/%E6%B9%9B%E6%B1%9F%E5%B8%82,2026-07-11T07:50:47+00:00,verified,wikidata instance evidence
CNUR-000204,茂名市,茂名市,true,true,广东省地级市,,Q38927,Q748149,4749,92560440,https://zh.wikipedia.org/wiki/%E8%8C%82%E5%90%8D%E5%B8%82,2026-07-11T07:50:47+00:00,verified,category evidence
CNUR-000205,肇庆市,肇庆市,true,true,广东省地级市,,Q59164,Q748149,15813,92404150,https://zh.wikipedia.org/wiki/%E8%82%87%E5%BA%86%E5%B8%82,2026-07-11T07:50:47+00:00,verified,category evidence
CNUR-000206,惠州市,惠州市,true,true,,地级市,Q59173,Q748149,52776,93332294,https://zh.wikipedia.org/wiki/%E6%83%A0%E5%B7%9E%E5%B8%82,2026-07-11T07:50:47+00:00,verified,intro evidence
CNUR-000207,梅州市,梅州市,true,true,广东省地级市,地级市 | 地区,Q59184,Q748149,26780,93339311,https://zh.wikipedia.org/wiki/%E6%A2%85%E5%B7%9E%E5%B8%82,2026-07-11T07:50:47+00:00,verified,category evidence
CNUR-000208,汕尾市,汕尾市,true,true,,,Q59189,Q748149,72065,92340929,https://zh.wikipedia.org/wiki/%E6%B1%95%E5%B0%BE%E5%B8%82,2026-07-11T07:50:47+00:00,verified,wikidata instance evidence
CNUR-000209,河源市,河源市,true,true,广东省地级市,,Q59205,Q748149,18826,92288589,https://zh.wikipedia.org/wiki/%E6%B2%B3%E6%BA%90%E5%B8%82,2026-07-11T07:50:47+00:00,verified,category evidence
CNUR-000210,阳江市,阳江市,true,true,,,Q59209,Q748149,72245,92680659,https://zh.wikipedia.org/wiki/%E9%98%B3%E6%B1%9F%E5%B8%82,2026-07-11T07:50:47+00:00,verified,wikidata instance evidence
CNUR-000211,清远市,清远市,true,true,,,Q59213,Q748149,42301,93272201,https://zh.wikipedia.org/wiki/%E6%B8%85%E8%BF%9C%E5%B8%82,2026-07-11T07:50:47+00:00,verified,wikidata instance evidence
CNUR-000212,东莞市,东莞市,true,true,广东省地级市,地级市,Q59218,Q748149,12232,93386269,https://zh.wikipedia.org/wiki/%E4%B8%9C%E8%8E%9E%E5%B8%82,2026-07-11T07:50:47+00:00,verified,category evidence
CNUR-000213,中山市,中山市,true,true,,地级市 | 地区,Q59223,Q748149,71687,93386255,https://zh.wikipedia.org/wiki/%E4%B8%AD%E5%B1%B1%E5%B8%82,2026-07-11T07:50:47+00:00,verified,intro evidence
CNUR-000214,潮州市,潮州市,true,true,广东省地级市,,Q59227,Q748149,18978,93348716,https://zh.wikipedia.org/wiki/%E6%BD%AE%E5%B7%9E%E5%B8%82,2026-07-11T07:50:47+00:00,verified,category evidence
CNUR-000215,揭阳市,揭阳市,true,true,,地级市,Q26323,Q748149,72063,93368582,https://zh.wikipedia.org/wiki/%E6%8F%AD%E9%98%B3%E5%B8%82,2026-07-11T07:50:47+00:00,verified,intro evidence
CNUR-000216,云浮市,云浮市,true,true,,地级市,Q59233,Q748149,72232,92026583,https://zh.wikipedia.org/wiki/%E4%BA%91%E6%B5%AE%E5%B8%82,2026-07-11T07:50:47+00:00,verified,intro evidence
CNUR-000217,南宁市,南宁市,true,true,广西壮族自治区地级市,,Q179608,Q748149,4378,93375270,https://zh.wikipedia.org/wiki/%E5%8D%97%E5%AE%81%E5%B8%82,2026-07-11T07:50:47+00:00,verified,category evidence
CNUR-000218,柳州市,柳州市,true,true,广西壮族自治区地级市,地级市,Q38968,Q748149,4380,93274102,https://zh.wikipedia.org/wiki/%E6%9F%B3%E5%B7%9E%E5%B8%82,2026-07-11T07:50:47+00:00,verified,category evidence
CNUR-000219,桂林市,桂林市,true,true,广西壮族自治区地级市,地级市 | 地区,Q189633,Q748149,4379,93133010,https://zh.wikipedia.org/wiki/%E6%A1%82%E6%9E%97%E5%B8%82,2026-07-11T07:50:47+00:00,verified,category evidence
CNUR-000220,梧州市,梧州市,true,true,广西壮族自治区地级市,地级市,Q571652,Q748149,4381,93133014,https://zh.wikipedia.org/wiki/%E6%A2%A7%E5%B7%9E%E5%B8%82,2026-07-11T07:50:47+00:00,verified,category evidence
CNUR-000221,北海市,北海市,true,true,广西壮族自治区地级市,地级市 | 地区,Q210365,Q748149,4382,93133012,https://zh.wikipedia.org/wiki/%E5%8C%97%E6%B5%B7%E5%B8%82,2026-07-11T07:50:47+00:00,verified,category evidence
CNUR-000222,防城港市,防城港市,true,true,,,Q571712,Q748149,54286,93133004,https://zh.wikipedia.org/wiki/%E9%98%B2%E5%9F%8E%E6%B8%AF%E5%B8%82,2026-07-11T07:50:47+00:00,verified,wikidata instance evidence
CNUR-000223,钦州市,钦州市,true,true,,,Q571766,Q748149,149428,93375462,https://zh.wikipedia.org/wiki/%E9%92%A6%E5%B7%9E%E5%B8%82,2026-07-11T07:50:47+00:00,verified,wikidata instance evidence
CNUR-000224,贵港市,贵港市,true,true,,,Q571808,Q748149,87713,93133006,https://zh.wikipedia.org/wiki/%E8%B4%B5%E6%B8%AF%E5%B8%82,2026-07-11T07:50:47+00:00,verified,wikidata instance evidence
CNUR-000225,玉林市,玉林市,true,true,广西壮族自治区地级市,,Q571918,Q748149,4383,93133015,https://zh.wikipedia.org/wiki/%E7%8E%89%E6%9E%97%E5%B8%82,2026-07-11T07:50:47+00:00,verified,category evidence
CNUR-000226,百色市,百色市,true,true,,,Q571949,Q748149,87711,93132999,https://zh.wikipedia.org/wiki/%E7%99%BE%E8%89%B2%E5%B8%82,2026-07-11T07:50:47+00:00,verified,wikidata instance evidence
CNUR-000227,贺州市,贺州市,true,true,,,Q572014,Q748149,139413,93133011,https://zh.wikipedia.org/wiki/%E8%B4%BA%E5%B7%9E%E5%B8%82,2026-07-11T07:50:47+00:00,verified,wikidata instance evidence
CNUR-000228,河池市,河池市,true,true,,,Q572089,Q748149,149438,93133001,https://zh.wikipedia.org/wiki/%E6%B2%B3%E6%B1%A0%E5%B8%82,2026-07-11T07:50:47+00:00,verified,wikidata instance evidence
CNUR-000229,来宾市,来宾市,true,true,,地级市,Q572140,Q748149,149443,93306627,https://zh.wikipedia.org/wiki/%E6%9D%A5%E5%AE%BE%E5%B8%82,2026-07-11T07:50:47+00:00,verified,intro evidence
CNUR-000230,崇左市,崇左市,true,true,,地级市 | 盟,Q572231,Q748149,149434,93132998,https://zh.wikipedia.org/wiki/%E5%B4%87%E5%B7%A6%E5%B8%82,2026-07-11T07:50:47+00:00,verified,intro evidence
CNUR-000231,海口市,海口市,true,true,,,Q189823,Q748149,41774,92658744,https://zh.wikipedia.org/wiki/%E6%B5%B7%E5%8F%A3%E5%B8%82,2026-07-11T07:50:47+00:00,verified,wikidata instance evidence
CNUR-000232,三亚市,三亚市,true,true,,地级市,Q319804,Q748149,149810,92742247,https://zh.wikipedia.org/wiki/%E4%B8%89%E4%BA%9A%E5%B8%82,2026-07-11T07:50:47+00:00,verified,intro evidence
CNUR-000233,三沙市,三沙市,true,true,,地级市 | 地级行政区,Q264818,Q748149,669984,93083729,https://zh.wikipedia.org/wiki/%E4%B8%89%E6%B2%99%E5%B8%82,2026-07-11T07:50:47+00:00,verified,intro evidence
CNUR-000234,儋州市,儋州市,true,true,,地级市,Q1015132,Q748149,152495,92884942,https://zh.wikipedia.org/wiki/%E5%84%8B%E5%B7%9E%E5%B8%82,2026-07-11T07:50:47+00:00,verified,intro evidence
CNUR-000235,重庆市,重庆市,true,true,,,Q11725,,465,93184678,https://zh.wikipedia.org/wiki/%E9%87%8D%E5%BA%86%E5%B8%82,2026-07-11T07:50:47+00:00,verified,municipality rule
CNUR-000236,成都市,成都市,true,true,四川省地级市,地区,Q30002,Q748149,2847,93128991,https://zh.wikipedia.org/wiki/%E6%88%90%E9%83%BD%E5%B8%82,2026-07-11T07:50:47+00:00,verified,category evidence
CNUR-000237,自贡市,自贡市,true,true,四川省地级市,,Q29015,Q748149,33762,93014600,https://zh.wikipedia.org/wiki/%E8%87%AA%E8%B4%A1%E5%B8%82,2026-07-11T07:50:47+00:00,verified,category evidence
CNUR-000238,攀枝花市,攀枝花市,true,true,,地级市 | 自治州,Q425415,Q748149,118316,91318256,https://zh.wikipedia.org/wiki/%E6%94%80%E6%9E%9D%E8%8A%B1%E5%B8%82,2026-07-11T07:50:47+00:00,verified,intro evidence
CNUR-000239,泸州市,泸州市,true,true,四川省地级市,,Q425492,Q748149,3973,91318293,https://zh.wikipedia.org/wiki/%E6%B3%B8%E5%B7%9E%E5%B8%82,2026-07-11T07:50:47+00:00,verified,category evidence
CNUR-000240,德阳市,德阳市,true,true,四川省地级市,地级市 | 地区,Q425996,Q748149,22231,91318260,https://zh.wikipedia.org/wiki/%E5%BE%B7%E9%98%B3%E5%B8%82,2026-07-11T07:50:47+00:00,verified,category evidence
CNUR-000241,绵阳市,绵阳市,true,true,四川省地级市,,Q426130,Q748149,33763,91752370,https://zh.wikipedia.org/wiki/%E7%BB%B5%E9%98%B3%E5%B8%82,2026-07-11T07:50:47+00:00,verified,category evidence
CNUR-000242,广元市,广元市,true,true,四川省地级市,地级市,Q426237,Q748149,33765,92434740,https://zh.wikipedia.org/wiki/%E5%B9%BF%E5%85%83%E5%B8%82,2026-07-11T07:50:47+00:00,verified,category evidence
CNUR-000243,遂宁市,遂宁市,true,true,四川省地级市,,Q426644,Q748149,33766,92437194,https://zh.wikipedia.org/wiki/%E9%81%82%E5%AE%81%E5%B8%82,2026-07-11T07:50:47+00:00,verified,category evidence
CNUR-000244,内江市,内江市,true,true,四川省地级市,地级市,Q426756,Q748149,75348,93095925,https://zh.wikipedia.org/wiki/%E5%86%85%E6%B1%9F%E5%B8%82,2026-07-11T07:50:47+00:00,verified,category evidence
CNUR-000245,乐山市,乐山市,true,true,四川省地级市,地级市,Q426868,Q748149,39685,93044285,https://zh.wikipedia.org/wiki/%E4%B9%90%E5%B1%B1%E5%B8%82,2026-07-11T07:50:47+00:00,verified,category evidence
CNUR-000246,南充市,南充市,true,true,,地级市 | 地区,Q426996,Q748149,1213146,91318311,https://zh.wikipedia.org/wiki/%E5%8D%97%E5%85%85%E5%B8%82,2026-07-11T07:50:47+00:00,verified,intro evidence
CNUR-000247,眉山市,眉山市,true,true,四川省地级市,,Q427097,Q748149,95449,93223586,https://zh.wikipedia.org/wiki/%E7%9C%89%E5%B1%B1%E5%B8%82,2026-07-11T07:50:47+00:00,verified,category evidence
CNUR-000248,宜宾市,宜宾市,true,true,四川省地级市,地级市,Q427265,Q748149,13746,91318296,https://zh.wikipedia.org/wiki/%E5%AE%9C%E5%AE%BE%E5%B8%82,2026-07-11T07:50:47+00:00,verified,category evidence
CNUR-000249,广安市,广安市,true,true,,地级市,Q427367,Q748149,100297,93004200,https://zh.wikipedia.org/wiki/%E5%B9%BF%E5%AE%89%E5%B8%82,2026-07-11T07:50:47+00:00,verified,intro evidence
CNUR-000250,达州市,达州市,true,true,四川省地级市,,Q427488,Q748149,95447,92959466,https://zh.wikipedia.org/wiki/%E8%BE%BE%E5%B7%9E%E5%B8%82,2026-07-11T07:50:47+00:00,verified,category evidence
CNUR-000251,雅安市,雅安市,true,true,四川省地级市,,Q427557,Q748149,37680,92959419,https://zh.wikipedia.org/wiki/%E9%9B%85%E5%AE%89%E5%B8%82,2026-07-11T07:50:47+00:00,verified,category evidence
CNUR-000252,巴中市,巴中市,true,true,四川省地级市,地级市,Q178945,Q748149,95446,92329272,https://zh.wikipedia.org/wiki/%E5%B7%B4%E4%B8%AD%E5%B8%82,2026-07-11T07:50:47+00:00,verified,category evidence
CNUR-000253,资阳市,资阳市,true,true,四川省地级市,,Q207030,Q748149,95448,92959398,https://zh.wikipedia.org/wiki/%E8%B5%84%E9%98%B3%E5%B8%82,2026-07-11T07:50:47+00:00,verified,category evidence
CNUR-000254,阿坝藏族羌族自治州,阿坝藏族羌族自治州,true,true,,,Q1012450,Q788104,33456,92685847,https://zh.wikipedia.org/wiki/%E9%98%BF%E5%9D%9D%E8%97%8F%E6%97%8F%E7%BE%8C%E6%97%8F%E8%87%AA%E6%B2%BB%E5%B7%9E,2026-07-11T07:50:47+00:00,verified,wikidata instance evidence
CNUR-000255,甘孜藏族自治州,甘孜藏族自治州,true,true,,,Q128104,Q788104,96324,92154632,https://zh.wikipedia.org/wiki/%E7%94%98%E5%AD%9C%E8%97%8F%E6%97%8F%E8%87%AA%E6%B2%BB%E5%B7%9E,2026-07-11T07:50:47+00:00,verified,wikidata instance evidence
CNUR-000256,凉山彝族自治州,凉山彝族自治州,true,true,,自治州,Q666884,Q788104,95456,92819589,https://zh.wikipedia.org/wiki/%E5%87%89%E5%B1%B1%E5%BD%9D%E6%97%8F%E8%87%AA%E6%B2%BB%E5%B7%9E,2026-07-11T07:50:47+00:00,verified,intro evidence
CNUR-000257,贵阳市,贵阳市,true,true,贵州省地级市,,Q192271,Q748149,4720,93045167,https://zh.wikipedia.org/wiki/%E8%B4%B5%E9%98%B3%E5%B8%82,2026-07-11T07:50:47+00:00,verified,category evidence
CNUR-000258,六盘水市,六盘水市,true,true,贵州省地级市,地级市,Q485918,Q748149,16907,91445694,https://zh.wikipedia.org/wiki/%E5%85%AD%E7%9B%98%E6%B0%B4%E5%B8%82,2026-07-11T07:50:47+00:00,verified,category evidence
CNUR-000259,遵义市,遵义市,true,true,贵州省地级市,,Q28994,Q748149,34722,92157285,https://zh.wikipedia.org/wiki/%E9%81%B5%E4%B9%89%E5%B8%82,2026-07-11T07:50:47+00:00,verified,category evidence
CNUR-000260,安顺市,安顺市,true,true,贵州省地级市,地级市 | 地区,Q486149,Q748149,52370,92987478,https://zh.wikipedia.org/wiki/%E5%AE%89%E9%A1%BA%E5%B8%82,2026-07-11T07:50:47+00:00,verified,category evidence
CNUR-000261,毕节市,毕节市,true,true,贵州省地级市,,Q486319,Q748149,96638,91811590,https://zh.wikipedia.org/wiki/%E6%AF%95%E8%8A%82%E5%B8%82,2026-07-11T07:50:47+00:00,verified,category evidence
CNUR-000262,铜仁市,铜仁市,true,true,贵州省地级市,,Q486235,Q748149,96635,91318669,https://zh.wikipedia.org/wiki/%E9%93%9C%E4%BB%81%E5%B8%82,2026-07-11T07:50:47+00:00,verified,category evidence
CNUR-000263,黔西南布依族苗族自治州,黔西南布依族苗族自治州,true,true,,,Q988844,Q788104,96634,93294156,https://zh.wikipedia.org/wiki/%E9%BB%94%E8%A5%BF%E5%8D%97%E5%B8%83%E4%BE%9D%E6%97%8F%E8%8B%97%E6%97%8F%E8%87%AA%E6%B2%BB%E5%B7%9E,2026-07-11T07:50:47+00:00,verified,wikidata instance evidence
CNUR-000264,黔东南苗族侗族自治州,黔东南苗族侗族自治州,true,true,,,Q770297,Q788104,96631,93140709,https://zh.wikipedia.org/wiki/%E9%BB%94%E4%B8%9C%E5%8D%97%E8%8B%97%E6%97%8F%E4%BE%97%E6%97%8F%E8%87%AA%E6%B2%BB%E5%B7%9E,2026-07-11T07:50:47+00:00,verified,wikidata instance evidence
CNUR-000265,黔南布依族苗族自治州,黔南布依族苗族自治州,true,true,,,Q1001390,Q788104,96632,93140764,https://zh.wikipedia.org/wiki/%E9%BB%94%E5%8D%97%E5%B8%83%E4%BE%9D%E6%97%8F%E8%8B%97%E6%97%8F%E8%87%AA%E6%B2%BB%E5%B7%9E,2026-07-11T07:50:47+00:00,verified,wikidata instance evidence
CNUR-000266,昆明市,昆明市,true,true,云南省地级市,,Q182852,Q748149,824,91482338,https://zh.wikipedia.org/wiki/%E6%98%86%E6%98%8E%E5%B8%82,2026-07-11T07:50:47+00:00,verified,category evidence
CNUR-000267,曲靖市,曲靖市,true,true,云南省地级市,,Q496405,Q748149,97134,92798785,https://zh.wikipedia.org/wiki/%E6%9B%B2%E9%9D%96%E5%B8%82,2026-07-11T07:50:47+00:00,verified,category evidence
CNUR-000268,玉溪市,玉溪市,true,true,云南省地级市,,Q496496,Q748149,53063,91318861,https://zh.wikipedia.org/wiki/%E7%8E%89%E6%BA%AA%E5%B8%82,2026-07-11T07:50:47+00:00,verified,category evidence
CNUR-000269,保山市,保山市,true,true,云南省地级市,地级市,Q496576,Q748149,97139,91318847,https://zh.wikipedia.org/wiki/%E4%BF%9D%E5%B1%B1%E5%B8%82,2026-07-11T07:50:47+00:00,verified,category evidence
CNUR-000270,昭通市,昭通市,true,true,云南省地级市,地级市,Q197519,Q748149,97135,91318845,https://zh.wikipedia.org/wiki/%E6%98%AD%E9%80%9A%E5%B8%82,2026-07-11T07:50:47+00:00,verified,category evidence
CNUR-000271,丽江市,丽江市,true,true,云南省地级市,地级市,Q205914,Q748149,56468,91318850,https://zh.wikipedia.org/wiki/%E4%B8%BD%E6%B1%9F%E5%B8%82,2026-07-11T07:50:47+00:00,verified,category evidence
CNUR-000272,普洱市,普洱市,true,true,云南省地级市,地级市 | 地级行政区,Q496765,Q748149,97136,91537714,https://zh.wikipedia.org/wiki/%E6%99%AE%E6%B4%B1%E5%B8%82,2026-07-11T07:50:47+00:00,verified,category evidence
CNUR-000273,临沧市,临沧市,true,true,云南省地级市,,Q496837,Q748149,78670,91318853,https://zh.wikipedia.org/wiki/%E4%B8%B4%E6%B2%A7%E5%B8%82,2026-07-11T07:50:47+00:00,verified,category evidence
CNUR-000274,楚雄彝族自治州,楚雄彝族自治州,true,true,,,Q999163,Q788104,97157,90789341,https://zh.wikipedia.org/wiki/%E6%A5%9A%E9%9B%84%E5%BD%9D%E6%97%8F%E8%87%AA%E6%B2%BB%E5%B7%9E,2026-07-11T07:50:47+00:00,verified,wikidata instance evidence
CNUR-000275,红河哈尼族彝族自治州,红河哈尼族彝族自治州,true,true,,,Q999102,Q788104,97156,91537832,https://zh.wikipedia.org/wiki/%E7%BA%A2%E6%B2%B3%E5%93%88%E5%B0%BC%E6%97%8F%E5%BD%9D%E6%97%8F%E8%87%AA%E6%B2%BB%E5%B7%9E,2026-07-11T07:50:47+00:00,verified,wikidata instance evidence
CNUR-000276,文山壮族苗族自治州,文山壮族苗族自治州,true,true,,自治州,Q999145,Q788104,118914,92649713,https://zh.wikipedia.org/wiki/%E6%96%87%E5%B1%B1%E5%A3%AE%E6%97%8F%E8%8B%97%E6%97%8F%E8%87%AA%E6%B2%BB%E5%B7%9E,2026-07-11T07:50:47+00:00,verified,intro evidence
CNUR-000277,西双版纳傣族自治州,西双版纳傣族自治州,true,true,,,Q868046,Q788104,831,92678575,https://zh.wikipedia.org/wiki/%E8%A5%BF%E5%8F%8C%E7%89%88%E7%BA%B3%E5%82%A3%E6%97%8F%E8%87%AA%E6%B2%BB%E5%B7%9E,2026-07-11T07:50:47+00:00,verified,wikidata instance evidence
CNUR-000278,大理白族自治州,大理白族自治州,true,true,,自治州,Q999156,Q788104,97162,93280477,https://zh.wikipedia.org/wiki/%E5%A4%A7%E7%90%86%E7%99%BD%E6%97%8F%E8%87%AA%E6%B2%BB%E5%B7%9E,2026-07-11T07:50:47+00:00,verified,intro evidence
CNUR-000279,德宏傣族景颇族自治州,德宏傣族景颇族自治州,true,true,,自治州,Q999132,Q788104,97141,92901814,https://zh.wikipedia.org/wiki/%E5%BE%B7%E5%AE%8F%E5%82%A3%E6%97%8F%E6%99%AF%E9%A2%87%E6%97%8F%E8%87%AA%E6%B2%BB%E5%B7%9E,2026-07-11T07:50:47+00:00,verified,intro evidence
CNUR-000280,怒江傈僳族自治州,怒江傈僳族自治州,true,true,,自治州,Q767684,Q788104,97142,93013838,https://zh.wikipedia.org/wiki/%E6%80%92%E6%B1%9F%E5%82%88%E5%83%B3%E6%97%8F%E8%87%AA%E6%B2%BB%E5%B7%9E,2026-07-11T07:50:47+00:00,verified,intro evidence
CNUR-000281,迪庆藏族自治州,迪庆藏族自治州,true,true,,,Q766073,Q788104,97148,92469731,https://zh.wikipedia.org/wiki/%E8%BF%AA%E5%BA%86%E8%97%8F%E6%97%8F%E8%87%AA%E6%B2%BB%E5%B7%9E,2026-07-11T07:50:47+00:00,verified,wikidata instance evidence
CNUR-000282,拉萨市,拉萨市,true,true,西藏自治区地级市,地区,Q5869,Q748149,3255,93272472,https://zh.wikipedia.org/wiki/%E6%8B%89%E8%90%A8%E5%B8%82,2026-07-11T07:50:47+00:00,verified,category evidence
CNUR-000283,日喀则市,日喀则市,true,true,西藏自治区地级市,地区,Q1211183,Q748149,4120,93255052,https://zh.wikipedia.org/wiki/%E6%97%A5%E5%96%80%E5%88%99%E5%B8%82,2026-07-11T07:50:47+00:00,verified,category evidence
CNUR-000284,昌都市,昌都市,true,true,西藏自治区地级市,地级市,Q1012419,Q748149,4018,93132834,https://zh.wikipedia.org/wiki/%E6%98%8C%E9%83%BD%E5%B8%82,2026-07-11T07:50:47+00:00,verified,category evidence
CNUR-000285,林芝市,林芝市,true,true,西藏自治区地级市,地级市,Q1012465,Q748149,4121,93132836,https://zh.wikipedia.org/wiki/%E6%9E%97%E8%8A%9D%E5%B8%82,2026-07-11T07:50:47+00:00,verified,category evidence
CNUR-000286,山南市,山南市,true,true,西藏自治区地级市,地区,Q777171,Q748149,4020,93132837,https://zh.wikipedia.org/wiki/%E5%B1%B1%E5%8D%97%E5%B8%82,2026-07-11T07:50:47+00:00,verified,category evidence
CNUR-000287,那曲市,那曲市,true,true,西藏自治区地级市,,Q1012460,Q748149,4010,93132839,https://zh.wikipedia.org/wiki/%E9%82%A3%E6%9B%B2%E5%B8%82,2026-07-11T07:50:47+00:00,verified,category evidence
CNUR-000288,阿里地区,阿里地区,true,true,地区 (地级行政区),,Q577713,,4008,92783870,https://zh.wikipedia.org/wiki/%E9%98%BF%E9%87%8C%E5%9C%B0%E5%8C%BA,2026-07-11T07:50:47+00:00,verified,category evidence
CNUR-000289,西安市,西安市,true,true,陕西省地级市,,Q5826,Q748149,7536,93147998,https://zh.wikipedia.org/wiki/%E8%A5%BF%E5%AE%89%E5%B8%82,2026-07-11T07:50:47+00:00,verified,category evidence
CNUR-000290,铜川市,铜川市,true,true,,,Q514608,Q748149,106794,92772549,https://zh.wikipedia.org/wiki/%E9%93%9C%E5%B7%9D%E5%B8%82,2026-07-11T07:50:47+00:00,verified,wikidata instance evidence
CNUR-000291,宝鸡市,宝鸡市,true,true,陕西省地级市,地级市,Q514796,Q748149,36781,92787094,https://zh.wikipedia.org/wiki/%E5%AE%9D%E9%B8%A1%E5%B8%82,2026-07-11T07:50:47+00:00,verified,category evidence
CNUR-000292,咸阳市,咸阳市,true,true,陕西省地级市,地级市,Q497341,Q748149,24976,92513691,https://zh.wikipedia.org/wiki/%E5%92%B8%E9%98%B3%E5%B8%82,2026-07-11T07:50:47+00:00,verified,category evidence
CNUR-000293,渭南市,渭南市,true,true,,,Q126995,Q748149,135981,92155226,https://zh.wikipedia.org/wiki/%E6%B8%AD%E5%8D%97%E5%B8%82,2026-07-11T07:50:47+00:00,verified,wikidata instance evidence
CNUR-000294,延安市,延安市,true,true,陕西省地级市,地级市,Q515388,Q748149,5678,93377437,https://zh.wikipedia.org/wiki/%E5%BB%B6%E5%AE%89%E5%B8%82,2026-07-11T07:50:47+00:00,verified,category evidence
CNUR-000295,汉中市,汉中市,true,true,,,Q515573,Q748149,100342,92772581,https://zh.wikipedia.org/wiki/%E6%B1%89%E4%B8%AD%E5%B8%82,2026-07-11T07:50:47+00:00,verified,wikidata instance evidence
CNUR-000296,榆林市,榆林市,true,true,,地级市,Q515712,Q748149,100338,92140089,https://zh.wikipedia.org/wiki/%E6%A6%86%E6%9E%97%E5%B8%82,2026-07-11T07:50:47+00:00,verified,intro evidence
CNUR-000297,安康市,安康市,true,true,陕西省地级市,地级市,Q515846,Q748149,57468,93099131,https://zh.wikipedia.org/wiki/%E5%AE%89%E5%BA%B7%E5%B8%82,2026-07-11T07:50:47+00:00,verified,category evidence
CNUR-000298,商洛市,商洛市,true,true,,地级市,Q515983,Q748149,135996,91319864,https://zh.wikipedia.org/wiki/%E5%95%86%E6%B4%9B%E5%B8%82,2026-07-11T07:50:47+00:00,verified,intro evidence
CNUR-000299,兰州市,兰州市,true,true,甘肃省地级市,地区,Q183584,Q748149,13705,93206438,https://zh.wikipedia.org/wiki/%E5%85%B0%E5%B7%9E%E5%B8%82,2026-07-11T07:50:47+00:00,verified,category evidence
CNUR-000300,嘉峪关市,嘉峪关市,true,true,甘肃省地级市,地级市,Q532560,Q748149,99671,92673817,https://zh.wikipedia.org/wiki/%E5%98%89%E5%B3%AA%E5%85%B3%E5%B8%82,2026-07-11T07:50:47+00:00,verified,category evidence
CNUR-000301,金昌市,金昌市,true,true,甘肃省地级市,,Q532776,Q748149,96866,91318573,https://zh.wikipedia.org/wiki/%E9%87%91%E6%98%8C%E5%B8%82,2026-07-11T07:50:47+00:00,verified,category evidence
CNUR-000302,白银市,白银市,true,true,甘肃省地级市,,Q532981,Q748149,53989,91318564,https://zh.wikipedia.org/wiki/%E7%99%BD%E9%93%B6%E5%B8%82,2026-07-11T07:50:47+00:00,verified,category evidence
CNUR-000303,天水市,天水市,true,true,甘肃省地级市,地级市,Q533157,Q748149,96868,91318594,https://zh.wikipedia.org/wiki/%E5%A4%A9%E6%B0%B4%E5%B8%82,2026-07-11T07:50:47+00:00,verified,category evidence
CNUR-000304,武威市,武威市,true,true,甘肃省地级市,,Q249007,Q748149,96873,93194953,https://zh.wikipedia.org/wiki/%E6%AD%A6%E5%A8%81%E5%B8%82,2026-07-11T07:50:47+00:00,verified,category evidence
CNUR-000305,张掖市,张掖市,true,true,甘肃省地级市,地级市 | 盟,Q197402,Q748149,65051,93013532,https://zh.wikipedia.org/wiki/%E5%BC%A0%E6%8E%96%E5%B8%82,2026-07-11T07:50:47+00:00,verified,category evidence
CNUR-000306,平凉市,平凉市,true,true,甘肃省地级市,地级市,Q533985,Q748149,96875,91318575,https://zh.wikipedia.org/wiki/%E5%B9%B3%E5%87%89%E5%B8%82,2026-07-11T07:50:47+00:00,verified,category evidence
CNUR-000307,酒泉市,酒泉市,true,true,,,Q533432,Q748149,36726,93327709,https://zh.wikipedia.org/wiki/%E9%85%92%E6%B3%89%E5%B8%82,2026-07-11T07:50:47+00:00,verified,wikidata instance evidence
CNUR-000308,庆阳市,庆阳市,true,true,甘肃省地级市,地级市 | 地区,Q533764,Q748149,96877,92960505,https://zh.wikipedia.org/wiki/%E5%BA%86%E9%98%B3%E5%B8%82,2026-07-11T07:50:47+00:00,verified,category evidence
CNUR-000309,定西市,定西市,true,true,甘肃省地级市,地级市,Q186006,Q748149,96878,93194970,https://zh.wikipedia.org/wiki/%E5%AE%9A%E8%A5%BF%E5%B8%82,2026-07-11T07:50:47+00:00,verified,category evidence
CNUR-000310,陇南市,陇南市,true,true,甘肃省地级市,,Q519810,Q748149,96881,92715023,https://zh.wikipedia.org/wiki/%E9%99%87%E5%8D%97%E5%B8%82,2026-07-11T07:50:47+00:00,verified,category evidence
CNUR-000311,临夏回族自治州,临夏回族自治州,true,true,,自治州,Q1001396,Q788104,96890,93182739,https://zh.wikipedia.org/wiki/%E4%B8%B4%E5%A4%8F%E5%9B%9E%E6%97%8F%E8%87%AA%E6%B2%BB%E5%B7%9E,2026-07-11T07:50:47+00:00,verified,intro evidence
CNUR-000312,甘南藏族自治州,甘南藏族自治州,true,true,,,Q1012462,Q788104,96894,93184129,https://zh.wikipedia.org/wiki/%E7%94%98%E5%8D%97%E8%97%8F%E6%97%8F%E8%87%AA%E6%B2%BB%E5%B7%9E,2026-07-11T07:50:47+00:00,verified,wikidata instance evidence
CNUR-000313,西宁市,西宁市,true,true,青海地级行政区 | 青海省地级市,,Q69060,Q748149,36848,93091128,https://zh.wikipedia.org/wiki/%E8%A5%BF%E5%AE%81%E5%B8%82,2026-07-11T07:50:47+00:00,verified,category evidence
CNUR-000314,海东市,海东市,true,true,青海地级行政区 | 青海省地级市,,Q984788,Q748149,36853,91318698,https://zh.wikipedia.org/wiki/%E6%B5%B7%E4%B8%9C%E5%B8%82,2026-07-11T07:50:47+00:00,verified,category evidence
CNUR-000315,海北藏族自治州,海北藏族自治州,true,true,,,Q508594,Q788104,96905,92025631,https://zh.wikipedia.org/wiki/%E6%B5%B7%E5%8C%97%E8%97%8F%E6%97%8F%E8%87%AA%E6%B2%BB%E5%B7%9E,2026-07-11T07:50:47+00:00,verified,wikidata instance evidence
CNUR-000316,黄南藏族自治州,黄南藏族自治州,true,true,,,Q130023,Q788104,96907,93117162,https://zh.wikipedia.org/wiki/%E9%BB%84%E5%8D%97%E8%97%8F%E6%97%8F%E8%87%AA%E6%B2%BB%E5%B7%9E,2026-07-11T07:50:47+00:00,verified,wikidata instance evidence
CNUR-000317,海南藏族自治州,海南藏族自治州,true,true,,,Q1012428,Q788104,96906,92839212,https://zh.wikipedia.org/wiki/%E6%B5%B7%E5%8D%97%E8%97%8F%E6%97%8F%E8%87%AA%E6%B2%BB%E5%B7%9E,2026-07-11T07:50:47+00:00,verified,wikidata instance evidence
CNUR-000318,果洛藏族自治州,果洛藏族自治州,true,true,,自治州,Q115594,Q788104,96908,91955651,https://zh.wikipedia.org/wiki/%E6%9E%9C%E6%B4%9B%E8%97%8F%E6%97%8F%E8%87%AA%E6%B2%BB%E5%B7%9E,2026-07-11T07:50:47+00:00,verified,intro evidence
CNUR-000319,玉树藏族自治州,玉树藏族自治州,true,true,,,Q602936,Q788104,96910,91955652,https://zh.wikipedia.org/wiki/%E7%8E%89%E6%A0%91%E8%97%8F%E6%97%8F%E8%87%AA%E6%B2%BB%E5%B7%9E,2026-07-11T07:50:47+00:00,verified,wikidata instance evidence
CNUR-000320,海西蒙古族藏族自治州,海西蒙古族藏族自治州,true,true,,,Q874334,Q788104,96911,93004499,https://zh.wikipedia.org/wiki/%E6%B5%B7%E8%A5%BF%E8%92%99%E5%8F%A4%E6%97%8F%E8%97%8F%E6%97%8F%E8%87%AA%E6%B2%BB%E5%B7%9E,2026-07-11T07:50:47+00:00,verified,wikidata instance evidence
CNUR-000321,银川市,银川市,true,true,宁夏回族自治区地级市,地区 | 盟,Q211243,Q748149,21022,92650415,https://zh.wikipedia.org/wiki/%E9%93%B6%E5%B7%9D%E5%B8%82,2026-07-11T07:50:47+00:00,verified,category evidence
CNUR-000322,石嘴山市,石嘴山市,true,true,宁夏回族自治区地级市,地级市 | 盟,Q604385,Q748149,151270,92588586,https://zh.wikipedia.org/wiki/%E7%9F%B3%E5%98%B4%E5%B1%B1%E5%B8%82,2026-07-11T07:50:47+00:00,verified,category evidence
CNUR-000323,吴忠市,吴忠市,true,true,宁夏回族自治区地级市,地级市 | 盟,Q604517,Q748149,151271,91318349,https://zh.wikipedia.org/wiki/%E5%90%B4%E5%BF%A0%E5%B8%82,2026-07-11T07:50:47+00:00,verified,category evidence
CNUR-000324,固原市,固原市,true,true,宁夏回族自治区地级市,地级市,Q604625,Q748149,152513,92811488,https://zh.wikipedia.org/wiki/%E5%9B%BA%E5%8E%9F%E5%B8%82,2026-07-11T07:50:47+00:00,verified,category evidence
CNUR-000325,中卫市,中卫市,true,true,宁夏回族自治区地级市,地级市 | 盟,Q197922,Q748149,152512,92154009,https://zh.wikipedia.org/wiki/%E4%B8%AD%E5%8D%AB%E5%B8%82,2026-07-11T07:50:47+00:00,verified,category evidence
CNUR-000326,乌鲁木齐市,乌鲁木齐市,true,true,新疆维吾尔自治区地级市,地区,Q16959,Q748149,3510,93271923,https://zh.wikipedia.org/wiki/%E4%B9%8C%E9%B2%81%E6%9C%A8%E9%BD%90%E5%B8%82,2026-07-11T07:50:47+00:00,verified,category evidence
CNUR-000327,克拉玛依市,克拉玛依市,true,true,新疆维吾尔自治区地级市,地级市,Q658240,Q748149,52636,93132956,https://zh.wikipedia.org/wiki/%E5%85%8B%E6%8B%89%E7%8E%9B%E4%BE%9D%E5%B8%82,2026-07-11T07:50:47+00:00,verified,category evidence
CNUR-000328,吐鲁番市,吐鲁番市,true,true,新疆维吾尔自治区地级市,地级市,Q868527,Q748149,96622,93132958,https://zh.wikipedia.org/wiki/%E5%90%90%E9%B2%81%E7%95%AA%E5%B8%82,2026-07-11T07:50:47+00:00,verified,category evidence
CNUR-000329,哈密市,哈密市,true,true,新疆维吾尔自治区地级市,地级市,Q989892,Q748149,96623,93132959,https://zh.wikipedia.org/wiki/%E5%93%88%E5%AF%86%E5%B8%82,2026-07-11T07:50:47+00:00,verified,category evidence
CNUR-000330,昌吉回族自治州,昌吉回族自治州,true,true,,自治州 | 地区,Q989898,Q788104,96626,92025596,https://zh.wikipedia.org/wiki/%E6%98%8C%E5%90%89%E5%9B%9E%E6%97%8F%E8%87%AA%E6%B2%BB%E5%B7%9E,2026-07-11T07:50:47+00:00,verified,intro evidence
CNUR-000331,博尔塔拉蒙古自治州,博尔塔拉蒙古自治州,true,true,,自治州,Q874291,Q788104,96625,92763937,https://zh.wikipedia.org/wiki/%E5%8D%9A%E5%B0%94%E5%A1%94%E6%8B%89%E8%92%99%E5%8F%A4%E8%87%AA%E6%B2%BB%E5%B7%9E,2026-07-11T07:50:47+00:00,verified,intro evidence
CNUR-000332,巴音郭楞蒙古自治州,巴音郭楞蒙古自治州,true,true,,地级行政区 | 自治州,Q812564,Q788104,96627,92977355,https://zh.wikipedia.org/wiki/%E5%B7%B4%E9%9F%B3%E9%83%AD%E6%A5%9E%E8%92%99%E5%8F%A4%E8%87%AA%E6%B2%BB%E5%B7%9E,2026-07-11T07:50:47+00:00,verified,intro evidence
CNUR-000333,阿克苏地区,阿克苏地区,true,true,地区 (地级行政区) | 新疆地级行政区,地区,Q421638,,96620,92682735,https://zh.wikipedia.org/wiki/%E9%98%BF%E5%85%8B%E8%8B%8F%E5%9C%B0%E5%8C%BA,2026-07-11T07:50:47+00:00,verified,category evidence
CNUR-000334,克孜勒苏柯尔克孜自治州,克孜勒苏柯尔克孜自治州,true,true,,自治州 | 地区,Q861035,Q788104,96624,93389703,https://zh.wikipedia.org/wiki/%E5%85%8B%E5%AD%9C%E5%8B%92%E8%8B%8F%E6%9F%AF%E5%B0%94%E5%85%8B%E5%AD%9C%E8%87%AA%E6%B2%BB%E5%B7%9E,2026-07-11T07:50:47+00:00,verified,intro evidence
CNUR-000335,喀什地区,喀什地区,true,true,地区 (地级行政区) | 新疆地级行政区,地区,Q739890,,96619,92894322,https://zh.wikipedia.org/wiki/%E5%96%80%E4%BB%80%E5%9C%B0%E5%8C%BA,2026-07-11T07:50:47+00:00,verified,category evidence
CNUR-000336,和田地区,和田地区,true,true,地区 (地级行政区) | 新疆地级行政区,自治州 | 地区,Q989885,,96621,93402988,https://zh.wikipedia.org/wiki/%E5%92%8C%E7%94%B0%E5%9C%B0%E5%8C%BA,2026-07-11T07:50:47+00:00,verified,category evidence
CNUR-000337,伊犁哈萨克自治州,伊犁哈萨克自治州,true,true,,自治州 | 地区,Q848127,Q788104,96628,93376955,https://zh.wikipedia.org/wiki/%E4%BC%8A%E7%8A%81%E5%93%88%E8%90%A8%E5%85%8B%E8%87%AA%E6%B2%BB%E5%B7%9E,2026-07-11T07:50:47+00:00,verified,intro evidence
CNUR-000338,伊犁地区,伊犁地区,true,true,,自治州 | 地区,Q9385271,,1780383,92080478,https://zh.wikipedia.org/wiki/%E4%BC%8A%E7%8A%81%E5%9C%B0%E5%8C%BA,2026-07-11T07:50:47+00:00,verified,intro evidence
CNUR-000339,塔城地区,塔城地区,true,true,地区 (地级行政区) | 新疆地级行政区,自治州 | 地区,Q644863,,117667,92224117,https://zh.wikipedia.org/wiki/%E5%A1%94%E5%9F%8E%E5%9C%B0%E5%8C%BA,2026-07-11T07:50:47+00:00,verified,category evidence
CNUR-000340,阿勒泰地区,阿勒泰地区,true,true,地区 (地级行政区) | 新疆地级行政区,自治州 | 地区,Q776550,,116452,93376979,https://zh.wikipedia.org/wiki/%E9%98%BF%E5%8B%92%E6%B3%B0%E5%9C%B0%E5%8C%BA,2026-07-11T07:50:47+00:00,verified,category evidence
